1874	Gastropoda	Stylommatophora	Chondrinidae	Abida	Abida vergniesiana	42.66667	1.0			4567106	2	0	0	1213	399	27	10	NT											
1982	Gastropoda	Stylommatophora	Chondrinidae	Abida	Abida vergniesiana	42.55	1.533333	1400.0		4567106	2	0	0	1213	399	27	10	NT	31.0	-11.5	7.681369863013699	4.0169863013698635							
2016	Gastropoda	Stylommatophora	Chondrinidae	Abida	Abida vergniesiana	42.55	1.483333			4567106	2	0	0	1213	399	27	10	NT	26.4	-11.9	7.392349726775956	2.59672131147541							
2017	Gastropoda	Stylommatophora	Chondrinidae	Abida	Abida vergniesiana	42.56	1.533611	1363.0		4567106	2	0	0	1213	399	27	10	NT	29.2	-14.6	8.97013698630137	3.4367123287671233							
