1961	Gastropoda	Stylommatophora	Chondrinidae	Abida	Abida occidentalis					4567003	3	0	0	1213	399	27	10	LC											
1997	Gastropoda	Stylommatophora	Chondrinidae	Abida	Abida occidentalis	42.88333	-0.56096			4567003	3	0	0	1213	399	27	10	LC	29.4	-6.3	11.932054794520548	4.584657534246575							
