1931	Cephalopoda	Oegopsida	Enoploteuthidae	Abraliopsis	Abraliopsis falco					2290233	11	0	0	366	138	20	7	LC											
1965	Cephalopoda	Oegopsida	Enoploteuthidae	Abraliopsis	Abraliopsis falco	28.9	-118.13		31.0	2290233	11	0	0	366	138	20	7	LC	21.6	11.4	16.346575342465755	0.37232876712328766							
1970	Cephalopoda	Oegopsida	Enoploteuthidae	Abraliopsis	Abraliopsis falco	16.0	-107.0		66.0	2290233	11	0	0	366	138	20	7	LC	28.7	22.0	25.765479452054795	3.0465753424657533							
1972	Cephalopoda	Oegopsida	Enoploteuthidae	Abraliopsis	Abraliopsis falco	17.87	-103.8		90.5	2290233	11	0	0	366	138	20	7	LC	29.8	23.2	26.996721311475408	2.371857923497268							
1973	Cephalopoda	Oegopsida	Enoploteuthidae	Abraliopsis	Abraliopsis falco	17.87	-103.8		235.0	2290233	11	0	0	366	138	20	7	LC	29.0	21.9	26.025753424657534	4.4361643835616436							
