1926	Gastropoda	Architaenioglossa	Aciculidae	Acicula	Acicula parcelineata	37.62304	13.93457			4561601	5	0	0	1213	63	14	4	LC											
1988	Gastropoda	Architaenioglossa	Aciculidae	Acicula	Acicula parcelineata	43.5476	39.881535			5778125	5	0	0	1213	63	14	4	LC	32.2	-10.8	14.020765027322405	5.4868852459016395							
1999	Gastropoda	Architaenioglossa	Aciculidae	Acicula	Acicula parcelineata	49.133333	22.583333			5778125	5	0	0	1213	63	14	4	LC	25.0	-20.2	5.090684931506849	3.186027397260274							
2009	Gastropoda	Architaenioglossa	Aciculidae	Acicula	Acicula parcelineata	46.974	25.987			5778125	5	0	0	1213	63	14	4	LC	27.6	-21.5	6.542739726027397	1.8364383561643836							
2013	Gastropoda	Architaenioglossa	Aciculidae	Acicula	Acicula parcelineata	42.497017	42.547115	1925.0		5778125	5	0	0	1213	63	14	4	LC	26.9	-18.8	8.156438356164383	5.624109589041096							
