1960	Bivalvia	Unionida	Mycetopodidae	Mulleria	Acostaea rivolii					8174946	1	0	0	1213	179	4	1	CR											
1963	Bivalvia	Unionida	Mycetopodidae	Mulleria	Acostaea rivolii	7.6167	19.2611			8174946	1	0	0	1213	179	4	1	CR	40.0	18.5	27.80301369863014	2.1372602739726028							
1971	Bivalvia	Unionida	Mycetopodidae	Mulleria	Acostaea rivolii					8174946	1	0	0	1213	179	4	1	CR											
1972	Bivalvia	Unionida	Mycetopodidae	Mulleria	Acostaea rivolii	8.5	-72.45			8174946	1	0	0	1213	179	4	1	CR	34.7	18.5	24.93606557377049	13.13224043715847							
2013	Bivalvia	Unionida	Mycetopodidae	Mulleria	Acostaea rivolii					8174946	1	0	0	1213	179	4	1	CR											
