1924	Gastropoda		Acroloxidae	Acroloxus	Acroloxus coloradensis					2291338	2	0	0	1213	399	17	16	NT											
1960	Gastropoda		Acroloxidae	Acroloxus	Acroloxus coloradensis	48.4333	-80.4667			2291338	2	0	0	1213	399	17	16	NT	28.6	-32.8	2.303825136612022	2.4898907103825136							
1967	Gastropoda		Acroloxidae	Acroloxus	Acroloxus coloradensis					2291338	2	0	0	1213	399	17	16	NT											
1968	Gastropoda		Acroloxidae	Acroloxus	Acroloxus coloradensis	48.68156	-113.57556			2291338	2	0	0	1213	399	17	16	NT	29.1	-35.9	3.1147540983606556	2.42896174863388							
1973	Gastropoda		Acroloxidae	Acroloxus	Acroloxus coloradensis	53.9167	-122.083			2291338	2	0	0	1213	399	17	16	NT	29.3	-29.9	2.4043835616438356	2.3715068493150686							
1989	Gastropoda		Acroloxidae	Acroloxus	Acroloxus coloradensis	54.4678	-111.772			2291338	2	0	0	1213	399	17	16	NT	29.6	-39.6	2.4243835616438356	1.375068493150685							
1993	Gastropoda		Acroloxidae	Acroloxus	Acroloxus coloradensis					2291338	2	0	0	1213	399	17	16	NT											
2003	Gastropoda		Acroloxidae	Acroloxus	Acroloxus coloradensis	39.949402	-105.616402			2291338	2	0	0	1213	399	17	16	NT	25.6	-28.2	1.4717808219178081	1.675068493150685							
