1936	Gastropoda	Stylommatophora	Clausiliidae	Albinaria	Albinaria rollei	35.058476	33.521851	762.0		4570284	1	0	0	1213	399	39	2	VU											
