1997	Gastropoda	Stylommatophora	Clausiliidae	Albinaria	Albinaria adriani					6548392	1	0	0	1213	399	39	2	VU											
1998	Gastropoda	Stylommatophora	Clausiliidae	Albinaria	Albinaria adriani					6548392	1	0	0	1213	399	39	2	VU											
2010	Gastropoda	Stylommatophora	Clausiliidae	Albinaria	Albinaria adriani	37.385	22.7436			4569918	1	0	0	1213	399	39	2	VU	40.5	0.5	18.106575342465753	0.9753424657534246							
2011	Gastropoda	Stylommatophora	Clausiliidae	Albinaria	Albinaria adriani	37.38382	22.74607			4569918	1	0	0	1213	399	39	2	VU	42.2	-4.1	16.541095890410958	1.207123287671233							
