2018	Gastropoda	Stylommatophora	Clausiliidae	Albinaria	Albinaria menelaus					4570345	1	0	0	1213	399	39	2	LC											
2022	Gastropoda	Stylommatophora	Clausiliidae	Albinaria	Albinaria menelaus	36.977883	22.259717			4570345	1	0	0	1213	399	39	2	LC	37.3	-4.4	15.553150684931508	1.6657534246575343							
