1997	Gastropoda	Stylommatophora	Clausiliidae	Albinaria	Albinaria litoraria					4569887	1	0	0	1213	399	39	2	VU											
2011	Gastropoda	Stylommatophora	Clausiliidae	Albinaria	Albinaria litoraria	37.417233	22.76945			4569887	1	0	0	1213	399	39	2	VU	42.1	-4.2	16.44164383561644	1.207123287671233							
