1962	Gastropoda	Stylommatophora	Clausiliidae	Albinaria	Albinaria sublamellosa					4570259	1	0	0	1213	399	39	2	VU											
1990	Gastropoda	Stylommatophora	Clausiliidae	Albinaria	Albinaria sublamellosa	35.247103	24.844763			4570259	1	0	0	1213	399	39	2	VU	30.9	1.1	14.15123287671233	0.6394520547945205							
