1874	Gastropoda	Stylommatophora	Clausiliidae	Albinaria	Albinaria senilis					4570167	2	0	0	1213	399	39	2	LC											
1972	Gastropoda	Stylommatophora	Clausiliidae	Albinaria	Albinaria senilis					4570167	2	0	0	1213	399	39	2	LC											
1996	Gastropoda	Stylommatophora	Clausiliidae	Albinaria	Albinaria senilis	38.8275	20.701944			4570167	2	0	0	1213	399	39	2	LC	31.5	1.7	16.627322404371586	3.5420765027322405							
2011	Gastropoda	Stylommatophora	Clausiliidae	Albinaria	Albinaria senilis	38.19682	20.49395			4570167	2	0	0	1213	399	39	2	LC	29.9	4.9	17.851232876712327	2.4824657534246577							
