1979	Gastropoda	Stylommatophora	Clausiliidae	Albinaria	Albinaria compressa			375.0		4570053	1	0	0	1213	399	39	2	VU											
2015	Gastropoda	Stylommatophora	Clausiliidae	Albinaria	Albinaria compressa	36.2627	22.9776			4570053	1	0	0	1213	399	39	2	VU	28.9	2.6	16.994794520547945	1.3547945205479452							
