1988	Gastropoda	Stylommatophora	Clausiliidae	Albinaria	Albinaria petrosa					4569908	1	0	0	1213	399	39	2	LC											
1997	Gastropoda	Stylommatophora	Clausiliidae	Albinaria	Albinaria petrosa					4569908	1	0	0	1213	399	39	2	LC											
1998	Gastropoda	Stylommatophora	Clausiliidae	Albinaria	Albinaria petrosa					4569908	1	0	0	1213	399	39	2	LC											
2010	Gastropoda	Stylommatophora	Clausiliidae	Albinaria	Albinaria petrosa	37.5231	22.6344			4569908	1	0	0	1213	399	39	2	LC	37.6	-2.3	15.281917808219179	1.7172602739726026							
2013	Gastropoda	Stylommatophora	Clausiliidae	Albinaria	Albinaria petrosa	37.62167	22.87444			4569908	1	0	0	1213	399	39	2	LC	38.2	0.3	17.95013698630137	0.9643835616438357							
2022	Gastropoda	Stylommatophora	Clausiliidae	Albinaria	Albinaria petrosa	37.5311	22.96165			4569908	1	0	0	1213	399	39	2	LC	39.6	-0.3	18.76876712328767	0.8756164383561644							
