1852	Gastropoda	Stylommatophora	Clausiliidae	Albinaria	Albinaria avia	35.0	33.0			4569985	1	0	0	1213	399	39	2	LC											
1936	Gastropoda	Stylommatophora	Clausiliidae	Albinaria	Albinaria avia	34.766667	32.933333			4569985	1	0	0	1213	399	39	2	LC											
1981	Gastropoda	Stylommatophora	Clausiliidae	Albinaria	Albinaria avia	35.058476	33.521851			4569985	1	0	0	1213	399	39	2	LC	38.5	4.6	19.643561643835618	0.9824657534246576							
