1910	Gastropoda	Stylommatophora	Clausiliidae	Albinaria	Albinaria virgo					4570306	1	0	0	1213	399	39	2	LC											
1936	Gastropoda	Stylommatophora	Clausiliidae	Albinaria	Albinaria virgo	35.333333	33.116667	762.0		4570306	1	0	0	1213	399	39	2	LC											
1962	Gastropoda	Stylommatophora	Clausiliidae	Albinaria	Albinaria virgo	35.0	33.0			4570307	1	0	0	1213	399	39	2	LC	38.6	-0.4	17.933424657534246	1.4942465753424659							
1967	Gastropoda	Stylommatophora	Clausiliidae	Albinaria	Albinaria virgo	35.058476	33.521851			4570306	1	0	0	1213	399	39	2	LC	37.8	3.0	19.122739726027397	1.1369863013698631							
1985	Gastropoda	Stylommatophora	Clausiliidae	Albinaria	Albinaria virgo					4570306	1	0	0	1213	399	39	2	LC											
1986	Gastropoda	Stylommatophora	Clausiliidae	Albinaria	Albinaria virgo					4570306	1	0	0	1213	399	39	2	LC											
