1978	Gastropoda	Stylommatophora	Clausiliidae	Albinaria	Albinaria adrianae					4570147	1	0	0	1213	399	39	2	VU											
2011	Gastropoda	Stylommatophora	Clausiliidae	Albinaria	Albinaria adrianae	38.14913	20.76938			4570147	1	0	0	1213	399	39	2	VU	28.6	5.3	17.618356164383563	2.274246575342466							
