1987	Gastropoda	Stylommatophora	Clausiliidae	Albinaria	Albinaria arthuriana					4570086	1	0	0	1213	399	39	2	LC											
2015	Gastropoda	Stylommatophora	Clausiliidae	Albinaria	Albinaria arthuriana	35.247103	24.844763			4570086	1	0	0	1213	399	39	2	LC	31.6	-3.6	13.77095890410959	1.7454794520547945							
