1979	Gastropoda	Stylommatophora	Clausiliidae	Albinaria	Albinaria grayana			250.0		4570041	1	0	0	1213	399	39	2	NT											
2015	Gastropoda	Stylommatophora	Clausiliidae	Albinaria	Albinaria grayana	36.0	23.083333			4570041	1	0	0	1213	399	39	2	NT	28.9	6.2	19.16904109589041	1.1764383561643836							
