1907	Gastropoda	Stylommatophora	Clausiliidae	Alinda	Alinda wagneri	43.3623	22.5983			10944681	2	0	0	1213	399	39	2	LC											
1908	Gastropoda	Stylommatophora	Clausiliidae	Alinda	Alinda wagneri	43.3623	22.5983			10944681	2	0	0	1213	399	39	2	LC											
1965	Gastropoda	Stylommatophora	Clausiliidae	Alinda	Alinda wagneri	42.7804	24.606			10944681	2	0	0	1213	399	39	2	LC	28.1	-21.2	5.1468493150684935	2.506027397260274							
1973	Gastropoda	Stylommatophora	Clausiliidae	Alinda	Alinda wagneri					4568656	2	0	0	1213	399	39	2	LC											
