1930	Gastropoda	Stylommatophora	Clausiliidae	Alopia	Alopia mariae	45.8436	24.9688			4569020	1	0	0	1213	399	39	393	LC											
1954	Gastropoda	Stylommatophora	Clausiliidae	Alopia	Alopia mariae					9368009	1	0	0	1213	399	39	393	LC											
1993	Gastropoda	Stylommatophora	Clausiliidae	Alopia	Alopia mariae					4569112	1	0	0	1213	399	39	393	LC											
2008	Gastropoda	Stylommatophora	Clausiliidae	Alopia	Alopia mariae	45.179717	23.1328			4569020	1	0	0	1213	399	39	393	LC	30.7	-19.0	9.176229508196721	2.2650273224043715							
