1891	Cephalopoda	Octopoda	Octopodidae	Amphioctopus	Amphioctopus kagoshimensis					5856035	2	0	0	366	161	60	11	LC											
1959	Cephalopoda	Octopoda	Octopodidae	Amphioctopus	Amphioctopus kagoshimensis	31.8	129.8		12.0	2289716	2	0	0	366	161	60	11	LC	29.8	3.4	19.27260273972603	6.516986301369863							
1987	Cephalopoda	Octopoda	Octopodidae	Amphioctopus	Amphioctopus kagoshimensis	-34.0	138.0			2289716	2	0	0	366	161	60	11	LC	40.1	1.7	16.635342465753425	0.9791780821917808							
1993	Cephalopoda	Octopoda	Octopodidae	Amphioctopus	Amphioctopus kagoshimensis					2289716	2	0	0	366	161	60	11	LC											
1999	Cephalopoda	Octopoda	Octopodidae	Amphioctopus	Amphioctopus kagoshimensis	35.0	136.0		5.0	2289716	2	0	0	366	161	60	11	LC	31.1	-4.6	14.146027397260275	3.1356164383561644							
2000	Cephalopoda	Octopoda	Octopodidae	Amphioctopus	Amphioctopus kagoshimensis	26.446667	124.444722		150.5	2289716	2	0	0	366	161	60	11	LC	29.4	10.8	22.778142076502732	8.129234972677596							
2003	Cephalopoda	Octopoda	Octopodidae	Amphioctopus	Amphioctopus kagoshimensis	35.116667	139.6			5856035	2	0	0	366	161	60	11	LC	27.5	2.2	16.94958904109589	6.234246575342466							
2016	Cephalopoda	Octopoda	Octopodidae	Amphioctopus	Amphioctopus kagoshimensis	-30.219999	-178.399994			5856035	2	0	0	366	161	60	11	LC	24.3	13.8	19.990437158469945	2.0434426229508196							
