1965	Gastropoda	Stylommatophora	Camaenidae	Amplirhagada	Amplirhagada kalumburuana	-14.3	126.6333			2295128	1	0	0	1213	399	15	1	LC	39.4	11.0	26.45917808219178	4.033424657534247							
1966	Gastropoda	Stylommatophora	Camaenidae	Amplirhagada	Amplirhagada kalumburuana	-16.3	126.4833			2295128	1	0	0	1213	399	15	1	LC	39.8	9.9	26.07178082191781	2.51013698630137							
1976	Gastropoda	Stylommatophora	Camaenidae	Amplirhagada	Amplirhagada kalumburuana	-14.3666	126.65			2295128	1	0	0	1213	399	15	1	LC	40.9	11.5	26.242349726775956	2.699726775956284							
1977	Gastropoda	Stylommatophora	Camaenidae	Amplirhagada	Amplirhagada kalumburuana	-14.6833	125.95			2295128	1	0	0	1213	399	15	1	LC	37.0	13.6	26.527671232876713	3.361643835616438							
1984	Gastropoda	Stylommatophora	Camaenidae	Amplirhagada	Amplirhagada kalumburuana	-14.33833	126.66527			2295128	1	0	0	1213	399	15	1	LC	40.3	10.7	26.24754098360656	3.0639344262295083							
1986	Gastropoda	Stylommatophora	Camaenidae	Amplirhagada	Amplirhagada kalumburuana	-14.45	126.69166			2295128	1	0	0	1213	399	15	1	LC	40.2	11.3	27.57917808219178	2.730958904109589							
1987	Gastropoda	Stylommatophora	Camaenidae	Amplirhagada	Amplirhagada kalumburuana	-14.775	126.4569			2295128	1	0	0	1213	399	15	1	LC	42.1	12.4	26.353150684931506	3.461917808219178							
1988	Gastropoda	Stylommatophora	Camaenidae	Amplirhagada	Amplirhagada kalumburuana					2295128	1	0	0	1213	399	15	1	LC											
1989	Gastropoda	Stylommatophora	Camaenidae	Amplirhagada	Amplirhagada kalumburuana	-14.418	126.6736			2295128	1	0	0	1213	399	15	1	LC	40.6	13.1	27.39178082191781	2.0378082191780824							
