1913	Gastropoda	Stylommatophora	Camaenidae	Amplirhagada	Amplirhagada montalivetensis	-14.3	125.3			2295145	1	0	0	1213	399	15	4	LR/nt											
1988	Gastropoda	Stylommatophora	Camaenidae	Amplirhagada	Amplirhagada montalivetensis	-14.2772	125.3036			2295145	1	0	0	1213	399	15	4	LR/nt	31.9	21.9	27.500273224043717	1.887704918032787							
2006	Gastropoda	Stylommatophora	Camaenidae	Amplirhagada	Amplirhagada montalivetensis	-14.3	125.4			2295145	1	0	0	1213	399	15	4	I	38.7	10.9	27.072876712328767	3.2616438356164386							
