1976	Gastropoda	Stylommatophora	Camaenidae	Amplirhagada	Amplirhagada questroana	-16.0	128.0			2295114	1	0	0	1213	399	15	1	EN	41.1	7.3	24.786338797814206	2.3551912568306013							
1984	Gastropoda	Stylommatophora	Camaenidae	Amplirhagada	Amplirhagada questroana	-15.9911	127.7711			2295114	1	0	0	1213	399	15	1	EN	43.3	9.2	28.126502732240436	2.283333333333333							
