1934	Gastropoda		Lymnaeidae	Ampullaceana	Ampullaceana relicta	41.0309	20.7119			5784505	2	0	0	1213	399	12	2	LC											
1953	Gastropoda		Lymnaeidae	Ampullaceana	Ampullaceana relicta				1.0	9840802	2	0	0	1213	399	12	2	LC											
1981	Gastropoda		Lymnaeidae	Ampullaceana	Ampullaceana relicta	41.0749	20.8015			9840802	2	0	0	1213	399	12	2	LC	32.2	-12.4	11.046575342465754	2.285753424657534							
