1913	Gastropoda		Paludomidae	Anceya	Anceya giraudi					6874888	4	0	0	1213	399	50	1	LC											
1927	Gastropoda		Paludomidae	Anceya	Anceya giraudi	-5.93	29.200001			6874888	4	0	0	1213	399	50	1	LC											
1969	Gastropoda		Paludomidae	Anceya	Anceya giraudi	-8.76	31.129999			6874888	4	0	0	1213	399	50	1	LC	33.9	16.1	24.375890410958903	3.742739726027397							
1973	Gastropoda		Paludomidae	Anceya	Anceya giraudi					6874888	4	0	0	1213	399	50	1	LC											
1989	Gastropoda		Paludomidae	Anceya	Anceya giraudi	-3.65	29.33		19.0	6874888	4	0	0	1213	399	50	1	LC	29.9	16.9	22.986027397260273	12.249863013698631							
