1990	Bivalvia	Unionida	Unionidae	Anemina	Anemina arcaeformis					10440273	6	0	0	1213	179	165	1	LC											
1992	Bivalvia	Unionida	Unionidae	Anemina	Anemina arcaeformis	34.301964	131.371015			10440273	6	0	0	1213	179	165	1	LC	31.3	-1.8	14.223224043715847	4.200819672131147							
1993	Bivalvia	Unionida	Unionidae	Anemina	Anemina arcaeformis	35.533333	128.5			10440273	6	0	0	1213	179	165	1	LC	30.7	-12.9	12.0	3.8523287671232875							
1995	Bivalvia	Unionida	Unionidae	Anemina	Anemina arcaeformis	42.766	132.349			7985956	6	0	0	1213	179	165	1	LC	26.3	-19.4	5.509315068493151	2.197260273972603							
2000	Bivalvia	Unionida	Unionidae	Anemina	Anemina arcaeformis	28.0778	115.544			7985956	6	0	0	1213	179	165	1	LC	38.0	-3.7	18.184426229508198	5.519672131147541							
2012	Bivalvia	Unionida	Unionidae	Anemina	Anemina arcaeformis					10440273	6	0	0	1213	179	165	1	LC											
2017	Bivalvia	Unionida	Unionidae	Anemina	Anemina arcaeformis					7985956	6	0	0	1213	179	165	1	LC											
