1900	Gastropoda		Physidae	Aplexa	Aplexa waterloti	-32.8	28.13			5784743	2	0	0	1213	65	2	38	LC											
1943	Gastropoda		Physidae	Aplexa	Aplexa waterloti	5.3	-0.733333			5784743	2	0	0	1213	65	2	38	LC	29.9	20.9	25.403287671232878	2.4997260273972604							
1983	Gastropoda		Physidae	Aplexa	Aplexa waterloti					5784743	2	0	0	1213	65	2	38	LC											
1991	Gastropoda		Physidae	Aplexa	Aplexa waterloti	-29.79	31.05			5784743	2	0	0	1213	65	2	38	LC	33.8	10.3	20.80712328767123	2.225753424657534							
