1920	Gastropoda	Stylommatophora	Helicidae	Arianta	Arianta xatartii	42.3971	2.154			8270733	2	0	0	1213	399	50	2	VU											
1931	Gastropoda	Stylommatophora	Helicidae	Arianta	Arianta xatartii	42.60003	2.52164	2200.0		8270733	2	0	0	1213	399	50	2	VU											
1946	Gastropoda	Stylommatophora	Helicidae	Arianta	Arianta xatartii	42.3991	2.161			8270733	2	0	0	1213	399	50	2	VU	22.4	-23.7	1.7901369863013699	2.5983561643835618							
1956	Gastropoda	Stylommatophora	Helicidae	Arianta	Arianta xatartii	42.37088	2.22083			8270733	2	0	0	1213	399	50	2	VU	19.1	-25.2	-0.1494535519125683	2.6592896174863387							
1957	Gastropoda	Stylommatophora	Helicidae	Arianta	Arianta xatartii			2600.0		8270733	2	0	0	1213	399	50	2	VU											
1992	Gastropoda	Stylommatophora	Helicidae	Arianta	Arianta xatartii	42.702995	0.794765			8270733	2	0	0	1213	399	50	2	VU	30.8	-8.8	9.82896174863388	4.130054644808743							
2003	Gastropoda	Stylommatophora	Helicidae	Arianta	Arianta xatartii					8270733	2	0	0	1213	399	50	2	VU											
2018	Gastropoda	Stylommatophora	Helicidae	Arianta	Arianta xatartii	42.42524	2.234101			8270733	2	0	0	1213	399	50	2	VU	16.3	-26.4	-0.10767123287671233	4.147123287671233							
