1988	Gastropoda	Stylommatophora	Arionidae	Arion	Arion fagophilus					7574364	2	1	0	1213	399	17	16	LC											
2016	Gastropoda	Stylommatophora	Arionidae	Arion	Arion fagophilus	42.209444	2.352322	1020.0		7574364	2	1	0	1213	399	17	16	LC	30.2	-5.2	10.586065573770492	2.3885245901639345							
