1983	Gastropoda	Stylommatophora	Arionidae	Arion	Arion obesoductus					5779473	7	0	0	1213	399	17	16	LC											
1997	Gastropoda	Stylommatophora	Arionidae	Arion	Arion obesoductus	46.94985	9.77058	1840.0		5779473	7	0	0	1213	399	17	16	LC	20.2	-22.2	0.5142465753424658	3.4978082191780824							
1999	Gastropoda	Stylommatophora	Arionidae	Arion	Arion obesoductus					5779473	7	0	0	1213	399	17	16	LC											
2005	Gastropoda	Stylommatophora	Arionidae	Arion	Arion obesoductus	46.77621	9.43561	630.0		5779473	7	0	0	1213	399	17	16	LC	25.0	-26.7	2.171232876712329	5.398356164383562							
2006	Gastropoda	Stylommatophora	Arionidae	Arion	Arion obesoductus	46.43328	7.79644	1800.0		5779473	7	0	0	1213	399	17	16	LC	16.6	-29.2	-2.345205479452055	4.6945205479452055							
