1975	Gastropoda	Stylommatophora	Arionidae	Arion	Arion franciscoloi					9102785	1	0	0	1213	399	17	16	LC											
1980	Gastropoda	Stylommatophora	Arionidae	Arion	Arion franciscoloi	44.32	9.18			9102785	1	0	0	1213	399	17	16	LC	27.1	-2.3	11.916666666666666	4.269945355191257							
