1984	Gastropoda	Stylommatophora	Arionidae	Arion	Arion anthracius					8408597	2	0	0	1213	399	17	16	LC											
2006	Gastropoda	Stylommatophora	Arionidae	Arion	Arion anthracius					8408597	2	0	0	1213	399	17	16	LC											
2007	Gastropoda	Stylommatophora	Arionidae	Arion	Arion anthracius	42.62259	1.03641	1861.0		8408597	2	0	0	1213	399	17	16	LC	25.9	-14.7	5.006849315068493	2.1841095890410958							
