1949	Bivalvia	Unionida	Iridinidae	Aspatharia	Aspatharia pfeifferiana					5782200	7	0	0	1213	179	1	7	LC											
1973	Bivalvia	Unionida	Iridinidae	Aspatharia	Aspatharia pfeifferiana	-19.383333	22.683333			5782200	7	0	0	1213	179	1	7	LC	39.8	5.2	23.51972602739726	1.616986301369863							
1975	Bivalvia	Unionida	Iridinidae	Aspatharia	Aspatharia pfeifferiana	-14.066667	27.4			5782200	7	0	0	1213	179	1	7	LC	34.9	5.4	20.875890410958903	2.3805479452054796							
1977	Bivalvia	Unionida	Iridinidae	Aspatharia	Aspatharia pfeifferiana					5782200	7	0	0	1213	179	1	7	LC											
2005	Bivalvia	Unionida	Iridinidae	Aspatharia	Aspatharia pfeifferiana	-18.2902	21.8111			5782200	7	0	0	1213	179	1	7	LC	38.4	7.3	23.86739726027397	1.6786301369863013							
2007	Bivalvia	Unionida	Iridinidae	Aspatharia	Aspatharia pfeifferiana	-10.02	31.935			5782200	7	0	0	1213	179	1	7	LC	34.6	9.1	21.798904109589042	2.504931506849315							
2008	Bivalvia	Unionida	Iridinidae	Aspatharia	Aspatharia pfeifferiana	-10.01	32.124			5782200	7	0	0	1213	179	1	7	LC	34.6	8.2	21.297540983606556	2.5008196721311475							
