1910	Bivalvia	Unionida	Iridinidae	Aspatharia	Aspatharia subreniformis	-14.4721	16.2833			5782221	7	0	0	1213	179	1	7	LC											
1985	Bivalvia	Unionida	Iridinidae	Aspatharia	Aspatharia subreniformis	-13.5	34.0			5782221	7	0	0	1213	179	1	7	LC	31.2	8.0	19.27013698630137	2.6115068493150684							
1987	Bivalvia	Unionida	Iridinidae	Aspatharia	Aspatharia subreniformis	-13.5	34.0			5782221	7	0	0	1213	179	1	7	LC	31.1	8.3	20.1586301369863	2.0161643835616436							
2008	Bivalvia	Unionida	Iridinidae	Aspatharia	Aspatharia subreniformis	-14.974	30.216			5782221	7	0	0	1213	179	1	7	LC	39.8	12.2	24.565027322404372	3.0655737704918034							
