1969	Gastropoda	Littorinimorpha	Tateidae	Austropyrgus	Austropyrgus grampianensis	-37.6	149.1			4608614	1	0	0	1213	88	6	1	NT	35.4	2.9	13.874246575342466	2.2413698630136984							
1973	Gastropoda	Littorinimorpha	Tateidae	Austropyrgus	Austropyrgus grampianensis	-37.2	142.5			4608614	1	0	0	1213	88	6	1	NT	34.0	-3.7	9.709041095890411	2.303013698630137							
1976	Gastropoda	Littorinimorpha	Tateidae	Austropyrgus	Austropyrgus grampianensis	-37.3	145.8			4608614	1	0	0	1213	88	6	1	NT	33.7	-3.3	12.366666666666667	1.765846994535519							
1984	Gastropoda	Littorinimorpha	Tateidae	Austropyrgus	Austropyrgus grampianensis	-37.2	142.5			4608614	1	0	0	1213	88	6	1	NT	28.9	-3.1	9.235792349726776	1.7229508196721313							
1993	Gastropoda	Littorinimorpha	Tateidae	Austropyrgus	Austropyrgus grampianensis	-37.2	142.5			4608614	1	0	0	1213	88	6	1	NT	32.0	-3.0	9.907671232876712	1.8676712328767122							
1994	Gastropoda	Littorinimorpha	Tateidae	Austropyrgus	Austropyrgus grampianensis	-37.4	142.5			4608614	1	0	0	1213	88	6	1	NT	34.3	-1.0	12.194246575342465	1.1873972602739726							
