1955	Cephalopoda	Myopsida	Australiteuthidae	Australiteuthis	Australiteuthis aldrichi	-7.95	145.8			4357012	3	0	0	366	16	1	1	LC	31.4	21.5	25.432328767123288	8.227945205479452							
1975	Cephalopoda	Myopsida	Australiteuthidae	Australiteuthis	Australiteuthis aldrichi	-12.3	130.9			4357012	3	0	0	366	16	1	1	LC	35.4	17.0	27.09780821917808	5.907671232876712							
1980	Cephalopoda	Myopsida	Australiteuthidae	Australiteuthis	Australiteuthis aldrichi	-14.13	128.57		42.0	4357012	3	0	0	366	16	1	1	LC	32.1	21.8	27.55928961748634	2.4898907103825136							
1990	Cephalopoda	Myopsida	Australiteuthidae	Australiteuthis	Australiteuthis aldrichi	-14.37	128.45		52.0	4357012	3	0	0	366	16	1	1	LC	31.5	19.2	27.673698630136986	3.8915068493150686							
2002	Cephalopoda	Myopsida	Australiteuthidae	Australiteuthis	Australiteuthis aldrichi	24.4869	120.574		50.0	4357012	3	0	0	366	16	1	1	LC	31.9	9.8	22.995616438356166	3.732876712328767							
