1899	Gastropoda	Stylommatophora	Camaenidae	Basedowena	Basedowena hinsbyi	-31.88666	141.22138			9113194	1	0	0	1213	399	15	2	VU											
1900	Gastropoda	Stylommatophora	Camaenidae	Basedowena	Basedowena hinsbyi	-31.266	141.4			9113194	1	0	0	1213	399	15	2	VU											
1960	Gastropoda	Stylommatophora	Camaenidae	Basedowena	Basedowena hinsbyi	-31.33277	142.31555			9113194	1	0	0	1213	399	15	2	VU	44.7	-0.3	19.184972677595628	0.464207650273224							
1981	Gastropoda	Stylommatophora	Camaenidae	Basedowena	Basedowena hinsbyi					2294391	1	0	0	1213	399	15	2	VU											
1993	Gastropoda	Stylommatophora	Camaenidae	Basedowena	Basedowena hinsbyi	-31.22416	142.26916			9113194	1	0	0	1213	399	15	2	VU	41.1	1.3	18.34931506849315	0.7901369863013699							
1999	Gastropoda	Stylommatophora	Camaenidae	Basedowena	Basedowena hinsbyi	-32.333	142.333			9113194	1	0	0	1213	399	15	2	E	40.3	2.9	18.824383561643835	0.5947945205479452							
2010	Gastropoda	Stylommatophora	Camaenidae	Basedowena	Basedowena hinsbyi	-30.72607	143.56661			9113194	1	0	0	1213	399	15	2	E	41.8	1.9	18.98849315068493	1.8008219178082192							
