1889	Gastropoda	Littorinimorpha	Tateidae	Beddomeia	Beddomeia lodderae	-41.366	146.15			4608843	1	0	0	1213	88	6	1	VU											
1907	Gastropoda	Littorinimorpha	Tateidae	Beddomeia	Beddomeia lodderae	-41.333	146.10944			4608843	1	0	0	1213	88	6	1	VU											
1963	Gastropoda	Littorinimorpha	Tateidae	Beddomeia	Beddomeia lodderae	-40.75	144.76			4608843	1	0	0	1213	88	6	1	VU	24.5	1.8	12.626301369863013	2.2726027397260276							
