1930	Gastropoda	Architaenioglossa	Viviparidae	Bellamya	Bellamya monardi	-15.183333	21.95			5783891	2	0	0	1213	63	17	1	NT											
1997	Gastropoda	Architaenioglossa	Viviparidae	Bellamya	Bellamya monardi	-17.401389	14.215278			5783890	2	0	0	1213	63	17	1	NT	40.3	6.2	24.952876712328766	1.123835616438356							
