1911	Gastropoda	Architaenioglossa	Viviparidae	Bellamya	Bellamya crawshayi					5783885	2	0	0	1213	63	17	1	EN											
1979	Gastropoda	Architaenioglossa	Viviparidae	Bellamya	Bellamya crawshayi	-13.5	34.0			5783885	2	0	0	1213	63	17	1	EN	29.9	8.8	19.601917808219177	2.0983561643835618							
1990	Gastropoda	Architaenioglossa	Viviparidae	Bellamya	Bellamya crawshayi	-8.433333	28.916667			5783885	2	0	0	1213	63	17	1	EN	32.5	15.6	22.884383561643837	3.587945205479452							
