1890	Gastropoda	Littorinimorpha	Bithyniidae	Bithynia	Bithynia pulchella	13.080273	80.269448			5784163	4	0	0	1213	88	3	2	LC											
1963	Gastropoda	Littorinimorpha	Bithyniidae	Bithynia	Bithynia pulchella	18.797235	98.976037			5784163	4	0	0	1213	88	3	2	LC	39.1	9.3	24.907671232876712	2.947123287671233							
1968	Gastropoda	Littorinimorpha	Bithyniidae	Bithynia	Bithynia pulchella	18.580535	98.97887			5784163	4	0	0	1213	88	3	2	LC	38.7	12.8	26.152732240437157	3.7527322404371586							
