1976	Gastropoda	Stylommatophora	Succineidae	Boninosuccinea	Boninosuccinea punctulispira	26.633333	142.15			5783457	1	0	0	1213	399	1	4	VU	28.1	13.7	22.607650273224042	3.125136612021858							
