1937	Gastropoda	Stylommatophora	Enidae	Boninena	Boninena ogasawarae					5783664	1	0	0	1213	399	9	6	EN											
1974	Gastropoda	Stylommatophora	Enidae	Boninena	Boninena ogasawarae	27.0518	142.130229			5783664	1	0	0	1213	399	9	6	EN	28.5	13.4	22.688219178082193	3.0432876712328767							
