1990	Gastropoda	Stylommatophora	Bothriembryontidae	Bothriembryon	Bothriembryon perobesus	-29.9	115.3			2294230	1	0	0	1213	399	4	9	EN	42.9	3.1	18.786301369863015	1.0441095890410959							
