1939	Gastropoda	Stylommatophora	Bothriembryontidae	Bothriembryon	Bothriembryon glauerti	-34.3	118.0			2294212	1	0	0	1213	399	4	1	VU											
1955	Gastropoda	Stylommatophora	Bothriembryontidae	Bothriembryon	Bothriembryon glauerti	-34.4	118.3			2294212	1	0	0	1213	399	4	1	VU	41.3	0.3	14.536164383561644	1.0824657534246576							
1970	Gastropoda	Stylommatophora	Bothriembryontidae	Bothriembryon	Bothriembryon glauerti	-34.4	118.3			2294212	1	0	0	1213	399	4	1	VU	39.8	0.9	14.902465753424657	0.9095890410958904							
1971	Gastropoda	Stylommatophora	Bothriembryontidae	Bothriembryon	Bothriembryon glauerti	-34.4	118.3			2294212	1	0	0	1213	399	4	1	VU	40.0	0.7	13.92849315068493	1.333972602739726							
1974	Gastropoda	Stylommatophora	Bothriembryontidae	Bothriembryon	Bothriembryon glauerti			625.0		2294212	1	0	0	1213	399	4	1	VU											
1989	Gastropoda	Stylommatophora	Bothriembryontidae	Bothriembryon	Bothriembryon glauerti	-34.4	118.3			2294212	1	0	0	1213	399	4	1	VU	41.3	1.8	14.697534246575342	1.0772602739726027							
1994	Gastropoda	Stylommatophora	Bothriembryontidae	Bothriembryon	Bothriembryon glauerti	-34.4	118.0			2294212	1	0	0	1213	399	4	1	VU	41.1	2.0	14.83041095890411	0.6945205479452055							
