1894	Gastropoda	Stylommatophora	Bothriembryontidae	Bothriembryon	Bothriembryon spenceri	-24.05	132.75			2294201	1	0	0	1213	399	4	21	VU											
1974	Gastropoda	Stylommatophora	Bothriembryontidae	Bothriembryon	Bothriembryon spenceri	-23.7864	133.0633			2294201	1	0	0	1213	399	4	21	VU	39.6	0.5	19.42	2.767123287671233							
1981	Gastropoda	Stylommatophora	Bothriembryontidae	Bothriembryon	Bothriembryon spenceri	-23.7864	133.0633			2294201	1	0	0	1213	399	4	21	VU	43.5	0.7	21.8186301369863	0.9671232876712329							
1984	Gastropoda	Stylommatophora	Bothriembryontidae	Bothriembryon	Bothriembryon spenceri	-23.67	133.28			2294201	1	0	0	1213	399	4	21	VU	39.6	-1.6	19.804098360655736	0.9311475409836065							
1987	Gastropoda	Stylommatophora	Bothriembryontidae	Bothriembryon	Bothriembryon spenceri	-24.07499	132.77971			2294201	1	0	0	1213	399	4	21	VU	41.1	0.5	22.195068493150686	0.5484931506849315							
1994	Gastropoda	Stylommatophora	Bothriembryontidae	Bothriembryon	Bothriembryon spenceri	-24.05	132.82			2294201	1	0	0	1213	399	4	21	VU	42.1	0.9	21.92082191780822	0.26136986301369863							
1995	Gastropoda	Stylommatophora	Bothriembryontidae	Bothriembryon	Bothriembryon spenceri	-24.05	132.75			2294201	1	0	0	1213	399	4	21	VU	41.6	0.8	21.413424657534247	1.036986301369863							
2010	Gastropoda	Stylommatophora	Bothriembryontidae	Bothriembryon	Bothriembryon spenceri	-23.77693	133.07499			2294201	1	0	0	1213	399	4	21	V	40.0	0.0	19.332328767123286	2.293698630136986							
2012	Gastropoda	Stylommatophora	Bothriembryontidae	Bothriembryon	Bothriembryon spenceri	-23.77696	133.07499			2294201	1	0	0	1213	399	4	21	V	40.3	0.3	21.2172131147541	0.6142076502732241							
