1992	Gastropoda	Architaenioglossa	Cyclophoridae	Boucardicus	Boucardicus victorhernandezi	-24.466667	47.216667			5783986	1	0	0	1213	63	1	1	EN	35.6	12.1	21.222404371584698	3.754644808743169							
1995	Gastropoda	Architaenioglossa	Cyclophoridae	Boucardicus	Boucardicus victorhernandezi	-24.8608	47.0128	200.0		5783986	1	0	0	1213	63	1	1	EN	31.9	11.3	21.058082191780823	3.6542465753424658							
