1995	Gastropoda	Architaenioglossa	Cyclophoridae	Boucardicus	Boucardicus mahermanae	-24.775	47.15			5783989	1	0	0	1213	63	1	1	EN	30.2	16.2	22.80904109589041	5.97972602739726							
