1893	Gastropoda		Pachychilidae	Brotia	Brotia henriettae					7492963	3	0	0	1213	17	1	1	LC											
1964	Gastropoda		Pachychilidae	Brotia	Brotia henriettae					8011677	3	0	0	1213	17	1	1	LC											
1967	Gastropoda		Pachychilidae	Brotia	Brotia henriettae					8011677	3	0	0	1213	17	1	1	LC											
1978	Gastropoda		Pachychilidae	Brotia	Brotia henriettae					7492963	3	0	0	1213	17	1	1	LC											
1987	Gastropoda		Pachychilidae	Brotia	Brotia henriettae	17.607222	101.819444			8011677	3	0	0	1213	17	1	1	LC	36.8	9.3	25.503561643835617	3.701917808219178							
2007	Gastropoda		Pachychilidae	Brotia	Brotia henriettae	17.832936	97.691231			7492963	3	0	0	1213	17	1	1	LC	41.0	13.4	26.085479452054795	9.384383561643835							
