1964	Gastropoda		Pachychilidae	Brotia	Brotia binodosa					4617183	1	0	0	1213	399	1	1	LC											
1966	Gastropoda		Pachychilidae	Brotia	Brotia binodosa					4617183	1	0	0	1213	399	1	1	LC											
1967	Gastropoda		Pachychilidae	Brotia	Brotia binodosa					4617183	1	0	0	1213	399	1	1	LC											
2008	Gastropoda		Pachychilidae	Brotia	Brotia binodosa	4.552778	101.811111			4617183	1	0	0	1213	399	1	1	LC	32.7	18.4	24.80983606557377	7.400819672131147							
