1900	Gastropoda		Pachychilidae	Brotia	Brotia pagodula					7365087	2	0	0	1213	460	1	1	LC											
1964	Gastropoda		Pachychilidae	Brotia	Brotia pagodula					7365087	2	0	0	1213	460	1	1	LC											
2008	Gastropoda		Pachychilidae	Brotia	Brotia pagodula	20.027945	95.026404			7365087	2	0	0	1213	460	1	1	LC	42.0	13.3	26.321584699453553	3.8614754098360655							
