1964	Gastropoda		Pachychilidae	Brotia	Brotia citrina					8089250	1	0	0	1213	399	1	1	VU											
1967	Gastropoda		Pachychilidae	Brotia	Brotia citrina					8089250	1	0	0	1213	399	1	1	VU											
1968	Gastropoda		Pachychilidae	Brotia	Brotia citrina	17.992389	100.141028			8089250	1	0	0	1213	399	1	1	VU	37.7	13.2	25.592896174863387	3.482513661202186							
1988	Gastropoda		Pachychilidae	Brotia	Brotia citrina	18.585278	99.842222			8089250	1	0	0	1213	399	1	1	VU	36.7	12.0	23.481693989071037	4.494808743169399							
1999	Gastropoda		Pachychilidae	Brotia	Brotia citrina	-0.69	100.569			8089250	1	0	0	1213	399	1	1	VU	31.5	16.7	23.415616438356164	9.337534246575343							
