1986	Gastropoda		Bulinidae	Bulinus	Bulinus camerunensis					6874841	2	0	0	1213	399	9	393	LC											
2013	Gastropoda		Bulinidae	Bulinus	Bulinus camerunensis					6874841	2	0	0	1213	399	9	393	LC											
2014	Gastropoda		Bulinidae	Bulinus	Bulinus camerunensis	4.574167	9.340833			6874841	2	0	0	1213	399	9	393	LC	34.7	20.6	24.804109589041097	9.435068493150684							
