1983	Gastropoda		Bulinidae	Bulinus	Bulinus obtusispira					7521410	1	0	0	1213	399	26	4	LC											
1998	Gastropoda		Bulinidae	Bulinus	Bulinus obtusispira	-13.193417	49.043632			7521410	1	0	0	1213	399	26	4	LC	35.6	16.9	26.207123287671234	2.98986301369863							
