2000	Gastropoda		Bulinidae	Bulinus	Bulinus succinoides					6874883	1	0	0	1213	88	25	11	EN											
2003	Gastropoda		Bulinidae	Bulinus	Bulinus succinoides					6874883	1	0	0	1213	88	25	11	EN											
2006	Gastropoda		Bulinidae	Bulinus	Bulinus succinoides	-9.94976	33.95164			6874883	1	0	0	1213	88	25	11	EN	31.3	14.3	23.409041095890412	3.5073972602739727							
2007	Gastropoda		Bulinidae	Bulinus	Bulinus succinoides	-14.05723	34.91818			6874883	1	0	0	1213	88	25	11	EN	33.7	16.1	24.60219178082192	3.1964383561643834							
