1922	Gastropoda		Bulinidae	Bulinus	Bulinus angolensis					6874877	1	0	0	1213	399	39	2	LC											
2013	Gastropoda		Bulinidae	Bulinus	Bulinus angolensis	-9.26186	16.13693	1083.0		6874877	1	0	0	1213	399	39	2	LC	33.8	12.8	22.011780821917807	2.637808219178082							
2016	Gastropoda		Bulinidae	Bulinus	Bulinus angolensis	-10.7	17.35			6874877	1	0	0	1213	399	39	2	LC	34.9	12.8	23.130054644808745	3.137158469945355							
