1922	Gastropoda		Bulinidae	Bulinus	Bulinus nyassanus					6874869	3	0	0	1213	161	60	23	LC											
1977	Gastropoda		Bulinidae	Bulinus	Bulinus nyassanus	-13.5	34.0			6874869	3	0	0	1213	161	60	23	LC	32.0	7.8	19.922465753424657	2.4854794520547947							
1998	Gastropoda		Bulinidae	Bulinus	Bulinus nyassanus					6874869	3	0	0	1213	161	60	23	LC											
1999	Gastropoda		Bulinidae	Bulinus	Bulinus nyassanus					6874869	3	0	0	1213	161	60	23	LC											
2001	Gastropoda		Bulinidae	Bulinus	Bulinus nyassanus					6874869	3	0	0	1213	161	60	23	LC											
2005	Gastropoda		Bulinidae	Bulinus	Bulinus nyassanus					6874869	3	0	0	1213	161	60	23	LC											
