1981	Gastropoda		Bulinidae	Bulinus	Bulinus liratus					7998594	1	0	0	1213	49	31	31	LC											
1997	Gastropoda		Bulinidae	Bulinus	Bulinus liratus	-23.560516	44.802203			7998594	1	0	0	1213	49	31	31	LC	39.5	11.4	25.244657534246574	1.7956164383561644							
1998	Gastropoda		Bulinidae	Bulinus	Bulinus liratus	-14.5473	48.753847			7998594	1	0	0	1213	49	31	31	LC	30.9	9.6	19.424657534246574	2.2739726027397262							
1999	Gastropoda		Bulinidae	Bulinus	Bulinus liratus	-6.783287	38.990883			7998594	1	0	0	1213	49	31	31	LC	34.7	18.7	25.08876712328767	2.470958904109589							
