1981	Gastropoda		Bulinidae	Bulinus	Bulinus canescens					6874860	2	0	0	1213	460	12	4	LC											
1982	Gastropoda		Bulinidae	Bulinus	Bulinus canescens					6874860	2	0	0	1213	460	12	4	LC											
2013	Gastropoda		Bulinidae	Bulinus	Bulinus canescens	-8.86708	13.58789	23.0		6874860	2	0	0	1213	460	12	4	LC	37.5	14.7	26.047123287671234	1.2841095890410958							
