1947	Gastropoda		Burnupiidae	Burnupia	Burnupia caffra					5784701	13	0	0	1213	161	31	13	LC											
1954	Gastropoda		Burnupiidae	Burnupia	Burnupia caffra	-29.82	30.94			5784701	13	0	0	1213	161	31	13	LC	32.9	5.4	17.955342465753425	2.778082191780822							
1956	Gastropoda		Burnupiidae	Burnupia	Burnupia caffra	-28.116667	32.183333			5784701	13	0	0	1213	161	31	13	LC	36.9	9.8	21.65081967213115	2.7565573770491802							
1959	Gastropoda		Burnupiidae	Burnupia	Burnupia caffra	-28.03	30.1			5784701	13	0	0	1213	161	31	13	LC	32.6	-0.9	16.125205479452056	3.0032876712328767							
1964	Gastropoda		Burnupiidae	Burnupia	Burnupia caffra	-29.9	30.95			5784701	13	0	0	1213	161	31	13	LC	33.1	8.5	20.0879781420765	2.51448087431694							
