1975	Gastropoda	Littorinimorpha	Moitessieriidae	Bythiospeum	Bythiospeum rhenanum					4560162	3	0	0	1213	88	5	3	LC											
2000	Gastropoda	Littorinimorpha	Moitessieriidae	Bythiospeum	Bythiospeum rhenanum	50.0667	7.75			4560162	3	0	0	1213	88	5	3	LC	29.6	-12.4	9.811748633879782	2.1024590163934427							
2007	Gastropoda	Littorinimorpha	Moitessieriidae	Bythiospeum	Bythiospeum rhenanum	50.0667	7.75			4560162	3	0	0	1213	88	5	3	LC	30.9	-6.4	9.97013698630137	1.926027397260274							
