1884	Gastropoda	Littorinimorpha	Bythinellidae	Bythinella	Bythinella viridis	49.52273	0.73037			4560995	1	0	0	1213	88	9	9	EN											
1906	Gastropoda	Littorinimorpha	Bythinellidae	Bythinella	Bythinella viridis	48.15	11.5833			4560897	1	0	0	1213	88	9	9	EN											
1908	Gastropoda	Littorinimorpha	Bythinellidae	Bythinella	Bythinella viridis	51.875	104.7881			4560897	1	0	0	1213	88	9	9	EN											
2009	Gastropoda	Littorinimorpha	Bythinellidae	Bythinella	Bythinella viridis	49.49	0.27			4560995	1	0	0	1213	88	9	9	EN	28.7	-6.0	11.45945205479452	2.245753424657534							
2010	Gastropoda	Littorinimorpha	Bythinellidae	Bythinella	Bythinella viridis	49.33	0.44			4560995	1	0	0	1213	88	9	9	EN	29.7	-6.7	9.854794520547944	1.9046575342465752							
2011	Gastropoda	Littorinimorpha	Bythinellidae	Bythinella	Bythinella viridis	49.5	0.3			4560995	1	0	0	1213	88	9	9	EN	28.8	-2.8	11.883835616438356	2.107397260273973							
2012	Gastropoda	Littorinimorpha	Bythinellidae	Bythinella	Bythinella viridis	49.41	0.34			4560995	1	0	0	1213	88	9	9	EN	29.5	-11.1	10.683606557377049	2.7032786885245903							
2013	Gastropoda	Littorinimorpha	Bythinellidae	Bythinella	Bythinella viridis	49.53284	0.26887			4560995	1	0	0	1213	88	9	9	EN	32.0	-4.4	10.647123287671233	2.419178082191781							
2019	Gastropoda	Littorinimorpha	Bythinellidae	Bythinella	Bythinella viridis	46.986668	4.647836			4560931	1	0	0	1213	88	9	9	EN	36.2	-4.8	11.055616438356164	2.0515068493150683							
