1880	Gastropoda	Littorinimorpha	Bythinellidae	Bythinella	Bythinella pannonica					5784414	2	0	0	1213	88	9	9	LC											
1939	Gastropoda	Littorinimorpha	Bythinellidae	Bythinella	Bythinella pannonica					4560905	2	0	0	1213	88	9	9	LC											
1989	Gastropoda	Littorinimorpha	Bythinellidae	Bythinella	Bythinella pannonica	48.2025	20.347			4560905	2	0	0	1213	88	9	9	LC	30.0	-12.7	9.534246575342467	2.083835616438356							
1990	Gastropoda	Littorinimorpha	Bythinellidae	Bythinella	Bythinella pannonica	48.569	20.434			4560905	2	0	0	1213	88	9	9	LC	27.6	-14.7	7.52931506849315	2.0057534246575344							
2004	Gastropoda	Littorinimorpha	Bythinellidae	Bythinella	Bythinella pannonica	48.0833	20.4			4560905	2	0	0	1213	88	9	9	LC	29.6	-16.4	7.719398907103825	2.1885245901639343							
