1974	Cephalopoda	Octopoda	Octopodidae	Callistoctopus	Callistoctopus aspilosomatis	-14.683	145.45			5856005	3	0	0	366	161	60	9	LC	32.1	17.2	24.97972602739726	3.762739726027397							
1986	Cephalopoda	Octopoda	Octopodidae	Callistoctopus	Callistoctopus aspilosomatis	-14.67	145.47		3.0	2289516	3	0	0	366	161	60	9	LC	31.2	18.0	24.4372602739726	2.7684931506849315							
1989	Cephalopoda	Octopoda	Octopodidae	Callistoctopus	Callistoctopus aspilosomatis	-14.68	145.45		0.1	5856005	3	0	0	366	161	60	9	LC	32.4	17.3	25.10958904109589	2.0504109589041097							
1990	Cephalopoda	Octopoda	Octopodidae	Callistoctopus	Callistoctopus aspilosomatis	-17.23	146.1		0.1	5856005	3	0	0	366	161	60	9	LC	35.7	9.6	23.73095890410959	6.42958904109589							
1996	Cephalopoda	Octopoda	Octopodidae	Callistoctopus	Callistoctopus aspilosomatis	-23.33	152.08			5856005	3	0	0	366	161	60	9	LC	28.0	12.9	22.777322404371585	2.1183060109289618							
2003	Cephalopoda	Octopoda	Octopodidae	Callistoctopus	Callistoctopus aspilosomatis	24.416667	123.783333			5856005	3	0	0	366	161	60	9	LC	29.8	13.1	23.694520547945206	3.336986301369863							
2004	Cephalopoda	Octopoda	Octopodidae	Callistoctopus	Callistoctopus aspilosomatis	26.7	127.866667			5856005	3	0	0	366	161	60	9	LC	30.0	10.7	22.973497267759562	4.090437158469945							
2006	Cephalopoda	Octopoda	Octopodidae	Callistoctopus	Callistoctopus aspilosomatis	26.35	127.983333			5856005	3	0	0	366	161	60	9	LC	30.6	11.8	23.078082191780823	4.444109589041096							
2018	Cephalopoda	Octopoda	Octopodidae	Callistoctopus	Callistoctopus aspilosomatis					5856005	3	0	0	366	161	60	9	LC											
