2007	Gastropoda	Stylommatophora	Canariellidae	Canariella	Canariella ronceroi	28.18026	-17.26641			9026386	1	0	0	1213	399	3	1	CR	26.6	14.4	20.073698630136985	0.28							
2010	Gastropoda	Stylommatophora	Canariellidae	Canariella	Canariella ronceroi	28.20296	-17.25214			9026386	1	0	0	1213	399	3	1	CR	29.3	15.7	22.127945205479453	0.9679452054794521							
