1973	Gastropoda	Stylommatophora	Geomitridae	Candidula	Candidula codia					4564642	1	0	0	1213	399	26	1	LC											
2008	Gastropoda	Stylommatophora	Geomitridae	Candidula	Candidula codia					4564642	1	0	0	1213	399	26	1	LC											
2014	Gastropoda	Stylommatophora	Geomitridae	Candidula	Candidula codia	37.2295	-8.1512			4564642	1	0	0	1213	399	26	1	LC	37.0	1.6	16.755616438356164	1.330958904109589							
2016	Gastropoda	Stylommatophora	Geomitridae	Candidula	Candidula codia	37.087	-7.807			4564642	1	0	0	1213	399	26	1	LC	34.1	6.0	18.450819672131146	1.040983606557377							
