1976	Gastropoda	Stylommatophora	Camaenidae	Carinotrachia	Carinotrachia carsoniana	-26.1	119.9			2294490	1	0	0	1213	399	15	6	VU	41.8	0.9	22.33032786885246	0.22732240437158469							
1984	Gastropoda	Stylommatophora	Camaenidae	Carinotrachia	Carinotrachia carsoniana	-14.4467	126.6786			2294490	1	0	0	1213	399	15	6	VU	42.3	10.5	27.05327868852459	2.625136612021858							
1986	Gastropoda	Stylommatophora	Camaenidae	Carinotrachia	Carinotrachia carsoniana					2294490	1	0	0	1213	399	15	6	VU											
1987	Gastropoda	Stylommatophora	Camaenidae	Carinotrachia	Carinotrachia carsoniana	-14.4	126.6			2294490	1	0	0	1213	399	15	6	VU	42.2	13.1	27.526301369863013	3.5142465753424657							
1989	Gastropoda	Stylommatophora	Camaenidae	Carinotrachia	Carinotrachia carsoniana	-14.4	126.6			2294490	1	0	0	1213	399	15	6	VU	41.4	13.0	27.703013698630137	2.5901369863013697							
