1988	Gastropoda	Littorinimorpha	Tateidae	Carnarvoncochlea	Carnarvoncochlea carnarvonensis	-25.05833	148.20833			10525841	1	0	0	1213	88	6	4	LC	35.9	0.6	19.07185792349727	1.7989071038251365							
1989	Gastropoda	Littorinimorpha	Tateidae	Carnarvoncochlea	Carnarvoncochlea carnarvonensis	-25.066	148.3			10525841	1	0	0	1213	88	6	4	LC	36.5	1.1	19.332876712328765	2.6745205479452054							
2001	Gastropoda	Littorinimorpha	Tateidae	Carnarvoncochlea	Carnarvoncochlea carnarvonensis	-25.05	148.2			10525841	1	0	0	1213	88	6	4	LC	38.1	1.3	19.144383561643835	1.4386301369863013							
2007	Gastropoda	Littorinimorpha	Tateidae	Carnarvoncochlea	Carnarvoncochlea carnarvonensis	-25.05833	148.20972			10525841	1	0	0	1213	88	6	4	LC	36.4	0.0	19.095342465753426	1.805205479452055							
