1984	Gastropoda	Littorinimorpha	Tateidae	Carnarvoncochlea	Carnarvoncochlea exigua	-24.866	147.8			10157843	1	0	0	1213	88	6	1	EN	34.7	0.5	17.17295081967213	2.6027322404371587							
