1969	Bivalvia	Unionida	Hyriidae	Castalia	Castalia martensi					5782237	1	0	0	1213	179	4	2	VU											
1988	Bivalvia	Unionida	Hyriidae	Castalia	Castalia martensi	-29.9833	-52.3667			5782237	1	0	0	1213	179	4	2	VU	37.2	0.3	18.37049180327869	4.028142076502732							
1997	Bivalvia	Unionida	Hyriidae	Castalia	Castalia martensi	-30.067211	-51.266605			5782237	1	0	0	1213	179	4	2	VU	37.0	0.6	19.770410958904108	5.110958904109589							
