1938	Gastropoda	Stylommatophora	Helicidae	Cattania	Cattania rumelica	42.0124	24.8779			9018141	3	0	0	1213	399	50	2	LC											
1977	Gastropoda	Stylommatophora	Helicidae	Cattania	Cattania rumelica	41.784352	24.599562			9018141	3	0	0	1213	399	50	2	LC	28.6	-20.1	7.426027397260274	2.4783561643835617							
1981	Gastropoda	Stylommatophora	Helicidae	Cattania	Cattania rumelica					9018141	3	0	0	1213	399	50	2	LC											
1989	Gastropoda	Stylommatophora	Helicidae	Cattania	Cattania rumelica	41.19	24.14			9018141	3	0	0	1213	399	50	2	LC	32.4	-7.5	13.525753424657534	1.695068493150685							
2001	Gastropoda	Stylommatophora	Helicidae	Cattania	Cattania rumelica					9018141	3	0	0	1213	399	50	2	LC											
2004	Gastropoda	Stylommatophora	Helicidae	Cattania	Cattania rumelica					9018141	3	0	0	1213	399	50	2	LC											
2016	Gastropoda	Stylommatophora	Helicidae	Cattania	Cattania rumelica	41.6137	24.3814	1262.0		9018141	3	0	0	1213	399	50	2	LC	29.5	-15.0	8.833606557377049	2.3811475409836067							
