1971	Gastropoda	Stylommatophora	Helicidae	Cattania	Cattania faueri					8868533	1	0	0	1213	399	50	2	LC											
1987	Gastropoda	Stylommatophora	Helicidae	Cattania	Cattania faueri	40.91377	24.09156			4563096	1	0	0	1213	399	50	2	LC	24.2	-19.8	2.749041095890411	2.5747945205479454							
