1897	Gastropoda	Stylommatophora	Geomitridae	Cernuella	Cernuella amanda	37.62304	13.93457			4565071	1	0	0	1213	399	26	2	CR											
2015	Gastropoda	Stylommatophora	Geomitridae	Cernuella	Cernuella amanda	38.209999	13.31			4565071	1	0	0	1213	399	26	2	CR	35.7	2.7	17.21890410958904	2.106849315068493							
