1977	Bivalvia	Unionida	Iridinidae	Chambardia	Chambardia wissmanni					5782179	11	0	0	366	179	1	9	LC											
1982	Bivalvia	Unionida	Iridinidae	Chambardia	Chambardia wissmanni					5782179	11	0	0	366	179	1	9	LC											
2011	Bivalvia	Unionida	Iridinidae	Chambardia	Chambardia wissmanni	5.633333	21.65			5782179	11	0	0	366	179	1	9	LC	37.4	17.6	25.858630136986303	3.0873972602739728							
