1937	Gastropoda		Chilinidae	Chilina	Chilina patagonica					7355850	2	0	0	1213	399	50	1	LC											
1938	Gastropoda		Chilinidae	Chilina	Chilina patagonica					7355850	2	0	0	1213	399	50	1	LC											
1998	Gastropoda		Chilinidae	Chilina	Chilina patagonica	-46.6667	-74.0167			7355850	2	0	0	1213	399	50	1	LC	27.7	-3.9	8.54931506849315	9.248493150684931							
2001	Gastropoda		Chilinidae	Chilina	Chilina patagonica	-44.356167	-72.580333		50.0	7355850	2	0	0	1213	399	50	1	LC	24.7	-8.9	8.301643835616439	12.73972602739726							
2004	Gastropoda		Chilinidae	Chilina	Chilina patagonica	-41.849	-73.398		214.0	7355850	2	0	0	1213	399	50	1	LC	27.4	1.6	12.106010928961748	4.833606557377049							
2006	Gastropoda		Chilinidae	Chilina	Chilina patagonica	-41.55	-72.3339		196.0	7355850	2	0	0	1213	399	50	1	LC	29.4	-3.8	11.364109589041096	11.178082191780822							
