1921	Cephalopoda	Oegopsida	Chiroteuthidae	Chiroteuthis	Chiroteuthis joubini	8.316667	-44.583333			2290584	2	0	0	366	138	10	7	LC											
1971	Cephalopoda	Oegopsida	Chiroteuthidae	Chiroteuthis	Chiroteuthis joubini	-21.58	-2.0		2050.0	2290584	2	0	0	366	138	10	7	LC	23.6	15.5	19.643561643835618	0.23753424657534247							
1985	Cephalopoda	Oegopsida	Chiroteuthidae	Chiroteuthis	Chiroteuthis joubini	40.466667	-57.1317		0.0	2290584	2	0	0	366	138	10	7	LC	25.7	1.0	15.604657534246575	5.37013698630137							
1988	Cephalopoda	Oegopsida	Chiroteuthidae	Chiroteuthis	Chiroteuthis joubini	41.683334	-59.0		124.5	2290584	2	0	0	366	138	10	7	LC	26.1	-4.0	13.510109289617485	4.951639344262295							
2005	Cephalopoda	Oegopsida	Chiroteuthidae	Chiroteuthis	Chiroteuthis joubini	27.12	-13.85		975.5	2290584	2	0	0	366	138	10	7	LC	44.2	5.2	20.605479452054794	0.17917808219178083							
2010	Cephalopoda	Oegopsida	Chiroteuthidae	Chiroteuthis	Chiroteuthis joubini	26.4975	-92.2475		1806.0	2290584	2	0	0	366	138	10	7	LC	30.4	9.5	23.385479452054796	2.66							
2015	Cephalopoda	Oegopsida	Chiroteuthidae	Chiroteuthis	Chiroteuthis joubini					2290584	2	0	0	366	138	10	7	LC											
2019	Cephalopoda	Oegopsida	Chiroteuthidae	Chiroteuthis	Chiroteuthis joubini	-12.8531	-5.882954		550.0	2290584	2	0	0	366	138	10	7	LC	26.3	19.0	22.66904109589041	0.03178082191780822							
