1969	Gastropoda	Stylommatophora	Chondrinidae	Chondrina	Chondrina ripkeni				10.0	4566749	1	0	0	1213	399	27	11	NT											
1970	Gastropoda	Stylommatophora	Chondrinidae	Chondrina	Chondrina ripkeni					4566749	1	0	0	1213	399	27	11	NT											
2005	Gastropoda	Stylommatophora	Chondrinidae	Chondrina	Chondrina ripkeni	42.97	-3.02			4566749	1	0	0	1213	399	27	11	NT	33.4	-7.2	11.552876712328768	2.244931506849315							
2007	Gastropoda	Stylommatophora	Chondrinidae	Chondrina	Chondrina ripkeni	42.97953	-2.05225			4566749	1	0	0	1213	399	27	11	NT	29.6	-11.4	7.444109589041096	1.9413698630136986							
