1962	Gastropoda	Stylommatophora	Enidae	Chondrula	Chondrula macedonica					4566193	6	0	0	1213	399	9	1	LC											
1987	Gastropoda	Stylommatophora	Enidae	Chondrula	Chondrula macedonica	42.633333	27.4			4566193	6	0	0	1213	399	9	1	LC	33.3	-13.5	11.30958904109589	1.836986301369863							
