1947	Gastropoda	Stylommatophora	Chondrinidae	Chondrina	Chondrina altimirai					4566737	1	0	0	1213	399	27	11	NT											
1967	Gastropoda	Stylommatophora	Chondrinidae	Chondrina	Chondrina altimirai					4566737	1	0	0	1213	399	27	11	NT											
1970	Gastropoda	Stylommatophora	Chondrinidae	Chondrina	Chondrina altimirai	42.1344	2.3951			4566737	1	0	0	1213	399	27	11	NT	28.5	-22.1	9.131780821917808	3.0104109589041097							
2005	Gastropoda	Stylommatophora	Chondrinidae	Chondrina	Chondrina altimirai	42.1345	2.39513			4566737	1	0	0	1213	399	27	11	NT	29.1	-12.7	9.534246575342467	2.541917808219178							
2018	Gastropoda	Stylommatophora	Chondrinidae	Chondrina	Chondrina altimirai	42.134515	2.397677	1040.0		4566737	1	0	0	1213	399	27	11	NT	27.8	-14.9	9.49123287671233	4.130958904109589							
