1859	Gastropoda	Architaenioglossa	Viviparidae	Cipangopaludina	Cipangopaludina ussuriensis	44.616666	132.8			7833193	2	0	0	1213	63	17	3	LC											
2016	Gastropoda	Architaenioglossa	Viviparidae	Cipangopaludina	Cipangopaludina ussuriensis	44.182217	132.803617			7833193	2	0	0	1213	63	17	3	LC	31.7	-35.7	3.914207650273224	2.4453551912568305							
