1968	Gastropoda	Architaenioglossa	Viviparidae	Cipangopaludina	Cipangopaludina ampulliformis	15.228605	105.798979			8350775	2	0	0	1213	63	17	3	LC	37.5	13.8	25.79398907103825	5.108196721311476							
