1904	Gastropoda	Littorinimorpha	Lithoglyphidae	Clappia	Clappia umbilicata	32.542008	-86.200583			5192418	0	0	0	1213	88	5	10	EX											
1961	Gastropoda	Littorinimorpha	Lithoglyphidae	Clappia	Clappia umbilicata	35.4788	-79.5201			5192418	0	0	0	1213	88	5	10	EX	34.2	-9.1	15.613424657534246	3.3095890410958906							
