1911	Gastropoda		Paludomidae	Cleopatra	Cleopatra johnstoni	-10.370906	28.617041			9787482	2	0	0	1213	399	7	7	LC											
1912	Gastropoda		Paludomidae	Cleopatra	Cleopatra johnstoni					9787482	2	0	0	1213	399	7	7	LC											
1957	Gastropoda		Paludomidae	Cleopatra	Cleopatra johnstoni	-9.0	28.75			9787482	2	0	0	1213	399	7	7	LC	24.0	11.0	17.04739726027397	6.376438356164384							
1959	Gastropoda		Paludomidae	Cleopatra	Cleopatra johnstoni	-9.65	28.610001			9787482	2	0	0	1213	399	7	7	LC	32.9	14.9	23.262465753424657	4.114520547945205							
1960	Gastropoda		Paludomidae	Cleopatra	Cleopatra johnstoni	-4.85	28.700001			9787482	2	0	0	1213	399	7	7	LC	32.1	15.8	22.705464480874316	6.075136612021858							
1961	Gastropoda		Paludomidae	Cleopatra	Cleopatra johnstoni	-8.68	30.610001			9787482	2	0	0	1213	399	7	7	LC	32.5	16.5	24.493698630136986	4.8621917808219175							
1965	Gastropoda		Paludomidae	Cleopatra	Cleopatra johnstoni	-8.4	28.049999			9787482	2	0	0	1213	399	7	7	LC	33.4	10.7	21.355616438356165	3.1550684931506847							
1990	Gastropoda		Paludomidae	Cleopatra	Cleopatra johnstoni					9787482	2	0	0	1213	399	7	7	LC											
