1926	Gastropoda		Paludomidae	Cleopatra	Cleopatra elata					7454692	5	0	0	1213	399	39	5	LC											
1977	Gastropoda		Paludomidae	Cleopatra	Cleopatra elata	-16.66	23.530001			7454692	5	0	0	1213	399	39	5	LC	37.9	10.7	23.303287671232876	2.609041095890411							
