1970	Gastropoda	Littorinimorpha	Cochliopidae	Coahuilix	Coahuilix hubbsi					5784308	1	0	0	1213	88	11	17	CR											
2003	Gastropoda	Littorinimorpha	Cochliopidae	Coahuilix	Coahuilix hubbsi	26.8927	-102.14			5784308	1	0	0	1213	88	11	17	V	40.8	0.5	21.820273972602738	0.8271232876712329							
