1995	Gastropoda	Architaenioglossa	Cochlostomatidae	Cochlostoma	Cochlostoma subalpinum					4561733	2	0	0	1213	63	17	7	LC											
2001	Gastropoda	Architaenioglossa	Cochlostomatidae	Cochlostoma	Cochlostoma subalpinum	43.99017	7.65669	1820.0		4561733	2	0	0	1213	63	17	7	LC	23.7	-15.7	6.3531506849315065	2.5087671232876714							
2009	Gastropoda	Architaenioglossa	Cochlostomatidae	Cochlostoma	Cochlostoma subalpinum	43.9894	7.63216	880.0		4561733	2	0	0	1213	63	17	7	LC	27.7	-15.0	9.864931506849315	3.724109589041096							
