1979	Gastropoda	Architaenioglossa	Cochlostomatidae	Cochlostoma	Cochlostoma anomphale	46.46	14.62			4561784	2	0	0	1213	63	17	7	LC	25.7	-25.7	6.415616438356165	3.64							
2005	Gastropoda	Architaenioglossa	Cochlostomatidae	Cochlostoma	Cochlostoma anomphale	46.28787	14.69765			4561784	2	0	0	1213	63	17	7	LC	29.0	-26.8	6.752328767123288	3.478904109589041							
2010	Gastropoda	Architaenioglossa	Cochlostomatidae	Cochlostoma	Cochlostoma anomphale	46.41959	14.65074			4561784	2	0	0	1213	63	17	7	LC	29.4	-19.2	7.7035616438356165	3.5561643835616437							
