1977	Gastropoda	Architaenioglossa	Cochlostomatidae	Cochlostoma	Cochlostoma roseoli					4561662	2	0	0	1213	63	17	7	LC											
1987	Gastropoda	Architaenioglossa	Cochlostomatidae	Cochlostoma	Cochlostoma roseoli					4561662	2	0	0	1213	63	17	7	LC											
2003	Gastropoda	Architaenioglossa	Cochlostomatidae	Cochlostoma	Cochlostoma roseoli	42.439999	19.530001			4561662	2	0	0	1213	63	17	7	LC	34.1	-10.4	12.02027397260274	4.583287671232877							
2004	Gastropoda	Architaenioglossa	Cochlostomatidae	Cochlostoma	Cochlostoma roseoli	42.66	19.370001			4561662	2	0	0	1213	63	17	7	LC	33.9	-13.4	12.285792349726776	6.839344262295082							
2005	Gastropoda	Architaenioglossa	Cochlostomatidae	Cochlostoma	Cochlostoma roseoli	42.259998	19.99			4561662	2	0	0	1213	63	17	7	LC	34.8	-13.4	12.275068493150686	5.00958904109589							
2006	Gastropoda	Architaenioglossa	Cochlostomatidae	Cochlostoma	Cochlostoma roseoli	42.130001	19.709999			4561662	2	0	0	1213	63	17	7	LC	31.3	-17.7	8.032876712328767	4.144931506849315							
2010	Gastropoda	Architaenioglossa	Cochlostomatidae	Cochlostoma	Cochlostoma roseoli	42.119999	19.6			4561662	2	0	0	1213	63	17	7	LC	34.9	-5.4	15.043561643835616	7.977534246575343							
