2010	Gastropoda	Architaenioglossa	Cochlostomatidae	Cochlostoma	Cochlostoma alleryanum	38.0908	12.7969			4561697	1	0	0	1213	63	17	7	LC	36.9	-0.2	16.023287671232875	2.1205479452054794							
