2008	Gastropoda	Architaenioglossa	Cochlostomatidae	Cochlostoma	Cochlostoma parnonis	39.970001	23.92			4561673	1	0	0	1213	63	17	7	NT	30.6	-0.7	17.016939890710383	0.987431693989071							
