1997	Gastropoda	Architaenioglossa	Cochlostomatidae	Cochlostoma	Cochlostoma adamii					4561777	1	0	0	1213	63	17	7	LC											
2000	Gastropoda	Architaenioglossa	Cochlostomatidae	Cochlostoma	Cochlostoma adamii	40.939999	14.72			4561777	1	0	0	1213	63	17	7	LC	28.3	-9.2	7.577322404371585	1.7806010928961749							
2009	Gastropoda	Architaenioglossa	Cochlostomatidae	Cochlostoma	Cochlostoma adamii	38.470001	16.440001			4561777	1	0	0	1213	63	17	7	LC	34.0	-0.4	14.656712328767123	2.841643835616438							
2010	Gastropoda	Architaenioglossa	Cochlostomatidae	Cochlostoma	Cochlostoma adamii	41.84	13.12			4561777	1	0	0	1213	63	17	7	LC	29.4	-15.1	9.677534246575343	5.055342465753425							
2011	Gastropoda	Architaenioglossa	Cochlostomatidae	Cochlostoma	Cochlostoma adamii	42.049999	12.82			4561777	1	0	0	1213	63	17	7	LC	30.9	-10.4	9.137260273972602	2.1515068493150684							
2013	Gastropoda	Architaenioglossa	Cochlostomatidae	Cochlostoma	Cochlostoma adamii	41.77	13.84			4561777	1	0	0	1213	63	17	7	LC	28.7	-10.9	8.412602739726028	2.4646575342465753							
2014	Gastropoda	Architaenioglossa	Cochlostomatidae	Cochlostoma	Cochlostoma adamii	41.889999	13.61			4561777	1	0	0	1213	63	17	7	LC	28.4	-13.9	10.563287671232876	2.408219178082192							
