1911	Gastropoda	Stylommatophora	Clausiliidae	Cochlodina	Cochlodina meisneriana					4568863	1	0	0	1213	399	39	5	LC											
1957	Gastropoda	Stylommatophora	Clausiliidae	Cochlodina	Cochlodina meisneriana	42.20477	9.157593			4568863	1	0	0	1213	399	39	5	LC	33.2	-9.4	11.553972602739726	2.378630136986301							
1977	Gastropoda	Stylommatophora	Clausiliidae	Cochlodina	Cochlodina meisneriana					4568863	1	0	0	1213	399	39	5	LC											
2017	Gastropoda	Stylommatophora	Clausiliidae	Cochlodina	Cochlodina meisneriana	42.384537	9.190183			4568863	1	0	0	1213	399	39	5	LC	35.5	-0.6	15.392876712328768	1.6413698630136986							
2019	Gastropoda	Stylommatophora	Clausiliidae	Cochlodina	Cochlodina meisneriana	41.77446	9.12394	910.0		4568863	1	0	0	1213	399	39	5	LC	33.0	-2.1	13.093698630136986	2.881095890410959							
2021	Gastropoda	Stylommatophora	Clausiliidae	Cochlodina	Cochlodina meisneriana	42.57066	8.7549	20.0		4568863	1	0	0	1213	399	39	5	LC	34.0	2.0	16.984109589041097	1.7558904109589042							
