1800	Gastropoda	Architaenioglossa	Cochlostomatidae	Cochlostoma	Cochlostoma macei					4561730	1	0	0	1213	63	17	7	LC											
1933	Gastropoda	Architaenioglossa	Cochlostomatidae	Cochlostoma	Cochlostoma macei					4561730	1	0	0	1213	63	17	7	LC											
1976	Gastropoda	Architaenioglossa	Cochlostomatidae	Cochlostoma	Cochlostoma macei					4561730	1	0	0	1213	63	17	7	LC											
2013	Gastropoda	Architaenioglossa	Cochlostomatidae	Cochlostoma	Cochlostoma macei	43.795168	7.415067			4561730	1	0	0	1213	63	17	7	LC	25.0	-12.6	8.581917808219178	4.182465753424657							
2014	Gastropoda	Architaenioglossa	Cochlostomatidae	Cochlostoma	Cochlostoma macei	43.950001	6.23			4561730	1	0	0	1213	63	17	7	LC	30.3	-9.1	11.043287671232877	2.760821917808219							
2015	Gastropoda	Architaenioglossa	Cochlostomatidae	Cochlostoma	Cochlostoma macei	43.88429	7.44761	485.0		4561730	1	0	0	1213	63	17	7	LC	29.1	-3.3	12.757534246575343	1.7594520547945205							
2018	Gastropoda	Architaenioglossa	Cochlostomatidae	Cochlostoma	Cochlostoma macei	43.88429	7.44761	522.0		4561730	1	0	0	1213	63	17	7	LC	27.9	-6.6	12.685753424657534	3.3323287671232875							
2021	Gastropoda	Architaenioglossa	Cochlostomatidae	Cochlostoma	Cochlostoma macei	43.73729	6.90331	1146.0		4561730	1	0	0	1213	63	17	7	LC	29.2	-13.8	8.866849315068492	2.6926027397260275							
