2002	Gastropoda	Architaenioglossa	Cochlostomatidae	Cochlostoma	Cochlostoma pinteri	41.27	20.33			4561940	1	0	0	1213	63	17	7	NT	31.9	-16.5	11.266027397260274	3.0167123287671234							
2004	Gastropoda	Architaenioglossa	Cochlostomatidae	Cochlostoma	Cochlostoma pinteri	41.380001	20.08			4561940	1	0	0	1213	63	17	7	NT	27.3	-25.7	6.427049180327868	4.433060109289618							
2006	Gastropoda	Architaenioglossa	Cochlostomatidae	Cochlostoma	Cochlostoma pinteri	41.310001	20.379999			4561940	1	0	0	1213	63	17	7	NT	32.5	-18.0	8.45068493150685	2.581917808219178							
2007	Gastropoda	Architaenioglossa	Cochlostomatidae	Cochlostoma	Cochlostoma pinteri	41.43	20.09			4561940	1	0	0	1213	63	17	7	NT	34.1	-16.7	9.91041095890411	3.270684931506849							
2010	Gastropoda	Architaenioglossa	Cochlostomatidae	Cochlostoma	Cochlostoma pinteri	42.18	19.719999			4561940	1	0	0	1213	63	17	7	NT	33.8	-6.5	14.001095890410959	7.977534246575343							
2012	Gastropoda	Architaenioglossa	Cochlostomatidae	Cochlostoma	Cochlostoma pinteri	41.360001	20.24			4561940	1	0	0	1213	63	17	7	NT	31.1	-24.0	7.7098360655737705	3.0866120218579236							
2014	Gastropoda	Architaenioglossa	Cochlostomatidae	Cochlostoma	Cochlostoma pinteri	41.439999	20.049999			4561940	1	0	0	1213	63	17	7	NT	29.3	-17.0	10.206301369863013	4.204657534246575							
