1978	Bivalvia	Unionida	Unionidae	Coelatura	Coelatura kunenensis					5782448	3	0	0	1213	179	165	11	LC											
1997	Bivalvia	Unionida	Unionidae	Coelatura	Coelatura kunenensis	-17.005	13.431111			5782448	3	0	0	1213	179	165	11	LC	41.0	8.0	25.912602739726026	0.6989041095890411							
2000	Bivalvia	Unionida	Unionidae	Coelatura	Coelatura kunenensis	-19.47	12.760833			5782448	3	0	0	1213	179	165	11	LC	35.8	7.5	18.874590163934425	0.13005464480874318							
2003	Bivalvia	Unionida	Unionidae	Coelatura	Coelatura kunenensis	-19.9889	23.4289			5782448	3	0	0	1213	179	165	11	LC	40.3	4.0	24.10164383561644	0.9076712328767124							
2005	Bivalvia	Unionida	Unionidae	Coelatura	Coelatura kunenensis	-18.2902	21.8111			5782448	3	0	0	1213	179	165	11	LC	38.4	7.3	23.86739726027397	1.6786301369863013							
2008	Bivalvia	Unionida	Unionidae	Coelatura	Coelatura kunenensis	-17.924	25.862			5782448	3	0	0	1213	179	165	11	LC	38.1	7.9	22.1448087431694	2.766120218579235							
2012	Bivalvia	Unionida	Unionidae	Coelatura	Coelatura kunenensis	-17.9162	25.856			5782448	3	0	0	1213	179	165	11	LC	38.9	5.8	22.836612021857924	1.9316939890710383							
