1931	Bivalvia	Unionida	Unionidae	Coelatura	Coelatura mossambicensis					5782434	6	0	0	1213	179	165	2	LC											
1976	Bivalvia	Unionida	Unionidae	Coelatura	Coelatura mossambicensis	-13.5	34.0			5782434	6	0	0	1213	179	165	2	LC	31.7	7.1	19.383879781420767	2.7846994535519127							
1979	Bivalvia	Unionida	Unionidae	Coelatura	Coelatura mossambicensis	-13.5	34.0			5782434	6	0	0	1213	179	165	2	LC	29.9	8.8	19.601917808219177	2.0983561643835618							
2003	Bivalvia	Unionida	Unionidae	Coelatura	Coelatura mossambicensis	-19.9889	23.4289			5782434	6	0	0	1213	179	165	2	LC	40.3	4.0	24.10164383561644	0.9076712328767124							
