1909	Bivalvia	Unionida	Unionidae	Coelatura	Coelatura bakeri					7725888	2	0	0	1213	179	165	1	NT											
1910	Bivalvia	Unionida	Unionidae	Coelatura	Coelatura bakeri	1.45	30.92			7725888	2	0	0	1213	179	165	1	NT											
1948	Bivalvia	Unionida	Unionidae	Coelatura	Coelatura bakeri	1.8178	31.3194			7725888	2	0	0	1213	179	165	1	NT	33.9	19.1	24.312295081967214	5.977868852459016							
1958	Bivalvia	Unionida	Unionidae	Coelatura	Coelatura bakeri					9602048	2	0	0	1213	179	165	1	NT											
