1990	Bivalvia	Unionida	Unionidae	Coelatura	Coelatura stuhlmanni					7419142	2	0	0	1213	179	165	1	NT											
2017	Bivalvia	Unionida	Unionidae	Coelatura	Coelatura stuhlmanni	-0.403	29.774			7419142	2	0	0	1213	179	165	1	NT	31.1	19.5	24.21890410958904	5.832876712328767							
