1900	Bivalvia	Unionida	Unionidae	Coelatura	Coelatura hauttecoeuri					5782402	3	0	0	1213	179	165	1	LC											
1911	Bivalvia	Unionida	Unionidae	Coelatura	Coelatura hauttecoeuri					5782402	3	0	0	1213	179	165	1	LC											
1923	Bivalvia	Unionida	Unionidae	Coelatura	Coelatura hauttecoeuri					5782402	3	0	0	1213	179	165	1	LC											
1964	Bivalvia	Unionida	Unionidae	Coelatura	Coelatura hauttecoeuri	0.116667	32.616667			5782402	3	0	0	1213	179	165	1	LC	25.9	17.0	21.23032786885246	5.30327868852459							
1965	Bivalvia	Unionida	Unionidae	Coelatura	Coelatura hauttecoeuri					5782402	3	0	0	1213	179	165	1	LC											
1974	Bivalvia	Unionida	Unionidae	Coelatura	Coelatura hauttecoeuri	-0.08	34.07			5782402	3	0	0	1213	179	165	1	LC	29.7	17.4	21.78082191780822	6.467945205479452							
1985	Bivalvia	Unionida	Unionidae	Coelatura	Coelatura hauttecoeuri	-1.0	33.0			5782402	3	0	0	1213	179	165	1	LC	19.1	11.0	15.10958904109589	7.617260273972603							
2016	Bivalvia	Unionida	Unionidae	Coelatura	Coelatura hauttecoeuri	-0.037	32.0748			5782402	3	0	0	1213	179	165	1	LC	30.3	16.7	22.84672131147541	2.633879781420765							
