1990	Bivalvia	Unionida	Unionidae	Coelatura	Coelatura gabonensis					5782404	7	0	0	1213	179	165	393	LC											
2006	Bivalvia	Unionida	Unionidae	Coelatura	Coelatura gabonensis	-4.156	15.419			5782404	7	0	0	1213	179	165	393	LC	34.8	16.8	25.63013698630137	2.672876712328767							
