1925	Gastropoda	Stylommatophora	Euconulidae	Coneuplecta	Coneuplecta turrita					10821999	0	0	0	1213	399	1	21	CR											
1985	Gastropoda	Stylommatophora	Euconulidae	Coneuplecta	Coneuplecta turrita	20.416667	121.95			10821999	0	0	0	1213	399	1	21	CR	28.4	17.9	25.01890410958904	7.942191780821918							
1987	Gastropoda	Stylommatophora	Euconulidae	Coneuplecta	Coneuplecta turrita	20.466667	121.983333			10821999	0	0	0	1213	399	1	21	CR	28.9	16.3	25.38849315068493	5.282739726027398							
