1985	Gastropoda	Neogastropoda	Conidae	Conus	Conus curralensis					5728276	1	0	0	1213	460	448	393	NT											
1989	Gastropoda	Neogastropoda	Conidae	Conus	Conus curralensis					5728276	1	0	0	1213	460	448	393	NT											
1993	Gastropoda	Neogastropoda	Conidae	Conus	Conus curralensis	16.756624	-24.721851			5728276	1	0	0	1213	460	448	393	NT	27.3	19.1	22.78027397260274	0.17315068493150684							
