1941	Gastropoda	Neogastropoda	Conidae	Conus	Conus pictus					6509627	1	0	0	1213	460	448	393	LC											
1950	Gastropoda	Neogastropoda	Conidae	Conus	Conus pictus	-34.050645	24.919499			6509627	1	0	0	1213	460	448	393	LC	34.9	7.4	18.33342465753425	1.381917808219178							
1952	Gastropoda	Neogastropoda	Conidae	Conus	Conus pictus	-34.050645	24.919499			6509627	1	0	0	1213	460	448	393	LC	36.2	8.6	17.670218579234973	1.7139344262295082							
1953	Gastropoda	Neogastropoda	Conidae	Conus	Conus pictus					6509627	1	0	0	1213	460	448	393	LC											
1954	Gastropoda	Neogastropoda	Conidae	Conus	Conus pictus	-34.050645	24.919499			6509627	1	0	0	1213	460	448	393	LC	28.9	6.0	17.064931506849316	0.9284931506849315							
1956	Gastropoda	Neogastropoda	Conidae	Conus	Conus pictus	-34.050645	24.919499			6509627	1	0	0	1213	460	448	393	LC	31.8	7.4	17.012295081967213	1.257103825136612							
1962	Gastropoda	Neogastropoda	Conidae	Conus	Conus pictus					6509627	1	0	0	1213	460	448	393	LC											
1966	Gastropoda	Neogastropoda	Conidae	Conus	Conus pictus	-29.85	31.02			6509627	1	0	0	1213	460	448	393	LC	32.2	9.4	20.403561643835616	1.7172602739726028							
1996	Gastropoda	Neogastropoda	Conidae	Conus	Conus pictus				35.0	6509627	1	0	0	1213	460	448	393	LC											
