1988	Gastropoda	Neogastropoda	Conidae	Conus	Conus dayriti				194.0	6511534	2	0	0	1213	460	448	393	LC											
1994	Gastropoda	Neogastropoda	Conidae	Conus	Conus dayriti	-20.308332	169.831665		105.0	6511534	2	0	0	1213	460	448	393	LC	28.9	17.6	23.5	2.5526027397260274							
1999	Gastropoda	Neogastropoda	Conidae	Conus	Conus dayriti	-16.753166	179.986496		416.0	6511534	2	0	0	1213	460	448	393	LC	29.6	21.3	25.557534246575344	6.901643835616438							
2001	Gastropoda	Neogastropoda	Conidae	Conus	Conus dayriti	-8.718333	160.108337		352.5	6511534	2	0	0	1213	460	448	393	LC	29.6	24.7	27.064383561643837	10.08027397260274							
2002	Gastropoda	Neogastropoda	Conidae	Conus	Conus dayriti	-22.459667	-151.315674		290.0	6511534	2	0	0	1213	460	448	393	LC	28.0	18.2	23.945205479452056	3.7616438356164386							
2004	Gastropoda	Neogastropoda	Conidae	Conus	Conus dayriti	-6.856833	156.3965		229.5	6511534	2	0	0	1213	460	448	393	LC	30.0	23.2	26.610109289617487	12.020491803278688							
2005	Gastropoda	Neogastropoda	Conidae	Conus	Conus dayriti	8.72833	123.233	-105.0		6511534	2	0	0	1213	460	448	393	LC	33.6	22.8	27.86	7.2994520547945205							
2011	Gastropoda	Neogastropoda	Conidae	Conus	Conus dayriti	-19.883333	165.816667		410.0	6511534	2	0	0	1213	460	448	393	LC	28.4	19.9	24.73095890410959	5.667397260273972							
