1992	Gastropoda	Neogastropoda	Conidae	Conus	Conus richardbinghami					6510688	1	0	0	1213	460	448	393	VU											
1997	Gastropoda	Neogastropoda	Conidae	Conus	Conus richardbinghami				18.0	6510688	1	0	0	1213	460	448	393	VU											
1999	Gastropoda	Neogastropoda	Conidae	Conus	Conus richardbinghami	25.498	-79.256			6510688	1	0	0	1213	460	448	393	VU	29.7	16.7	24.872054794520547	2.735342465753425							
