1963	Gastropoda	Neogastropoda	Conidae	Conus	Conus trochulus					5728213	1	0	0	1213	460	448	393	NT											
1981	Gastropoda	Neogastropoda	Conidae	Conus	Conus trochulus					5728213	1	0	0	1213	460	448	393	NT											
1982	Gastropoda	Neogastropoda	Conidae	Conus	Conus trochulus	15.80785	-23.15144			5728213	1	0	0	1213	460	448	393	NT	27.5	19.7	23.39095890410959	0.283013698630137							
1983	Gastropoda	Neogastropoda	Conidae	Conus	Conus trochulus	16.1833	-22.9167			5728213	1	0	0	1213	460	448	393	NT	32.1	18.7	24.11123287671233	0.06356164383561644							
1985	Gastropoda	Neogastropoda	Conidae	Conus	Conus trochulus	16.173	-22.921			5728213	1	0	0	1213	460	448	393	NT	32.0	18.2	23.70082191780822	0.2071232876712329							
1986	Gastropoda	Neogastropoda	Conidae	Conus	Conus trochulus	16.1833	-22.9166			5728213	1	0	0	1213	460	448	393	NT	31.0	18.0	23.28109589041096	0.3602739726027397							
2001	Gastropoda	Neogastropoda	Conidae	Conus	Conus trochulus	15.80785	-23.151433		28.4	5728310	1	0	0	1213	460	448	393	NT	28.4	19.6	23.856164383561644	0.286027397260274							
2002	Gastropoda	Neogastropoda	Conidae	Conus	Conus trochulus	16.18333	-22.91667			5728213	1	0	0	1213	460	448	393	NT	31.1	18.4	24.095342465753426	0.1832876712328767							
