1879	Gastropoda	Neogastropoda	Conidae	Conus	Conus gilvus					5795780	3	0	0	1213	460	448	393	LC											
1975	Gastropoda	Neogastropoda	Conidae	Conus	Conus gilvus	-17.963	122.251			5795780	3	0	0	1213	460	448	393	LC	42.9	13.3	27.886575342465754	0.6643835616438356							
1988	Gastropoda	Neogastropoda	Conidae	Conus	Conus gilvus	-9.43	159.95			5795780	3	0	0	1213	460	448	393	LC	30.9	22.8	26.713934426229507	7.722131147540984							
1991	Gastropoda	Neogastropoda	Conidae	Conus	Conus gilvus	-20.28452	118.591217			5795780	3	0	0	1213	460	448	393	LC	42.8	12.4	27.056164383561644	0.3838356164383562							
