1976	Gastropoda	Neogastropoda	Conidae	Conus	Conus explorator					6510829	2	0	0	1213	460	448	393	NT											
1990	Gastropoda	Neogastropoda	Conidae	Conus	Conus explorator	18.487704	-77.948012		21.5	6510829	2	0	0	1213	460	448	393	NT	33.0	20.9	26.21917808219178	3.741095890410959							
1992	Gastropoda	Neogastropoda	Conidae	Conus	Conus explorator	17.933333	-76.35			6510829	2	0	0	1213	460	448	393	NT	30.1	21.2	25.9	2.642349726775956							
