1995	Gastropoda	Neogastropoda	Conidae	Conus	Conus rosalindensis				30.0	6511092	3	0	0	1213	460	448	393	LC											
2006	Gastropoda	Neogastropoda	Conidae	Conus	Conus rosalindensis	14.482564	-81.127712		22.0	6511092	3	0	0	1213	460	448	393	LC	29.1	23.5	26.883561643835616	3.5991780821917807							
