1905	Gastropoda	Neogastropoda	Conidae	Conus	Conus cepasi	-8.8333	13.2333			5728136	1	0	0	1213	460	448	393	VU											
1977	Gastropoda	Neogastropoda	Conidae	Conus	Conus cepasi				1.5	5728136	1	0	0	1213	460	448	393	VU											
2006	Gastropoda	Neogastropoda	Conidae	Conus	Conus cepasi	-14.828572	12.242416		2.5	5728136	1	0	0	1213	460	448	393	VU	34.1	13.1	22.627397260273973	0.45671232876712325							
