1952	Gastropoda	Neogastropoda	Conidae	Conus	Conus tiaratus					11053094	10	0	0	1213	460	448	393	LC											
1967	Gastropoda	Neogastropoda	Conidae	Conus	Conus tiaratus	-0.75	-90.33			11053094	10	0	0	1213	460	448	393	LC	29.7	18.4	23.46164383561644	2.1794520547945204							
1978	Gastropoda	Neogastropoda	Conidae	Conus	Conus tiaratus				7.0	11053094	10	0	0	1213	460	448	393	LC											
1980	Gastropoda	Neogastropoda	Conidae	Conus	Conus tiaratus	10.3	-109.21667			11053094	10	0	0	1213	460	448	393	LC	28.6	22.9	26.205191256830602	7.005464480874317							
