1973	Gastropoda	Neogastropoda	Conidae	Conus	Conus papuensis					6509903	1	0	0	1213	460	448	393	LC											
1976	Gastropoda	Neogastropoda	Conidae	Conus	Conus papuensis	-4.17188	144.87418			6509903	1	0	0	1213	460	448	393	LC	30.7	22.5	26.000819672131147	9.375409836065574							
1977	Gastropoda	Neogastropoda	Conidae	Conus	Conus papuensis					6509903	1	0	0	1213	460	448	393	LC											
1979	Gastropoda	Neogastropoda	Conidae	Conus	Conus papuensis					6509903	1	0	0	1213	460	448	393	LC											
1980	Gastropoda	Neogastropoda	Conidae	Conus	Conus papuensis					6509903	1	0	0	1213	460	448	393	LC											
1981	Gastropoda	Neogastropoda	Conidae	Conus	Conus papuensis	-4.17188	144.87418			6509903	1	0	0	1213	460	448	393	LC	31.0	22.6	26.36082191780822	7.827671232876712							
2012	Gastropoda	Neogastropoda	Conidae	Conus	Conus papuensis	-4.558	146.27533		535.0	6509903	1	0	0	1213	460	448	393	LC	29.3	24.6	26.793169398907104	11.82896174863388							
