1867	Gastropoda	Neogastropoda	Conidae	Conus	Conus regularis	24.1603644	-110.3003844			8744924	10	0	0	1213	460	448	393	LC											
1868	Gastropoda	Neogastropoda	Conidae	Conus	Conus regularis	24.1603644	-110.3003844			8744924	10	0	0	1213	460	448	393	LC											
1889	Gastropoda	Neogastropoda	Conidae	Conus	Conus regularis	30.7833	-113.217		26.0	8744924	10	0	0	1213	460	448	393	LC											
1911	Gastropoda	Neogastropoda	Conidae	Conus	Conus regularis	31.33	-113.58			8744924	10	0	0	1213	460	448	393	LC											
1940	Gastropoda	Neogastropoda	Conidae	Conus	Conus regularis	27.93	-110.9		3.0	8744924	10	0	0	1213	460	448	393	LC											
1948	Gastropoda	Neogastropoda	Conidae	Conus	Conus regularis	8.08	-79.1			8744924	10	0	0	1213	460	448	393	LC	28.2	23.4	25.703551912568305	13.161475409836065							
1976	Gastropoda	Neogastropoda	Conidae	Conus	Conus regularis					8744924	10	0	0	1213	460	448	393	LC											
