1976	Gastropoda	Neogastropoda	Conidae	Conus	Conus axelrodi					6511282	2	0	0	1213	460	448	393	LC											
1991	Gastropoda	Neogastropoda	Conidae	Conus	Conus axelrodi	10.45	124.016667			6511282	2	0	0	1213	460	448	393	LC	32.4	23.9	26.948493150684932	3.427123287671233							
2000	Gastropoda	Neogastropoda	Conidae	Conus	Conus axelrodi				5.5	6511282	2	0	0	1213	460	448	393	LC											
2004	Gastropoda	Neogastropoda	Conidae	Conus	Conus axelrodi				30.0	6511282	2	0	0	1213	460	448	393	LC											
2010	Gastropoda	Neogastropoda	Conidae	Conus	Conus axelrodi	11.83	120.24			6511282	2	0	0	1213	460	448	393	LC	30.4	25.3	27.524383561643834	5.875342465753425							
