1969	Gastropoda	Neogastropoda	Conidae	Conus	Conus variegatus				4.0	6509873	1	0	0	1213	460	448	393	LC											
1974	Gastropoda	Neogastropoda	Conidae	Conus	Conus variegatus					6509873	1	0	0	1213	460	448	393	LC											
1976	Gastropoda	Neogastropoda	Conidae	Conus	Conus variegatus					6509873	1	0	0	1213	460	448	393	LC											
1991	Gastropoda	Neogastropoda	Conidae	Conus	Conus variegatus				5.0	6509873	1	0	0	1213	460	448	393	LC											
2009	Gastropoda	Neogastropoda	Conidae	Conus	Conus variegatus	-13.867	12.519		4.5	6509873	1	0	0	1213	460	448	393	LC	33.4	14.5	23.485479452054793	0.27424657534246577							
2011	Gastropoda	Neogastropoda	Conidae	Conus	Conus variegatus				4.5	6509873	1	0	0	1213	460	448	393	LC											
2012	Gastropoda	Neogastropoda	Conidae	Conus	Conus variegatus	-8.8333	13.2333		4.5	6509875	1	0	0	1213	460	448	393	LC	34.8	15.6	25.296448087431695	0.9434426229508197							
