1971	Gastropoda	Neogastropoda	Conidae	Conus	Conus thevenardensis					5795875	1	0	0	1213	460	448	393	VU											
1972	Gastropoda	Neogastropoda	Conidae	Conus	Conus thevenardensis	-21.449796	115.00436			5795875	1	0	0	1213	460	448	393	VU	45.2	10.4	26.042896174863387	0.4010928961748634							
1985	Gastropoda	Neogastropoda	Conidae	Conus	Conus thevenardensis	-21.462	114.991		3.0	5795875	1	0	0	1213	460	448	393	VU	45.9	9.0	25.956438356164384	0.2621917808219178							
1988	Gastropoda	Neogastropoda	Conidae	Conus	Conus thevenardensis	-21.456187	114.998217			5795875	1	0	0	1213	460	448	393	VU	46.0	12.2	26.585792349726777	0.6409836065573771							
