1979	Gastropoda	Neogastropoda	Conidae	Conus	Conus tabidus					5728176	19	0	0	1213	460	448	393	LC											
1982	Gastropoda	Neogastropoda	Conidae	Conus	Conus tabidus					5728176	19	0	0	1213	460	448	393	LC											
1987	Gastropoda	Neogastropoda	Conidae	Conus	Conus tabidus	16.16324	-22.93808		1.5	5728176	19	0	0	1213	460	448	393	LC	31.3	16.1	24.53123287671233	0.23068493150684932							
1995	Gastropoda	Neogastropoda	Conidae	Conus	Conus tabidus	4.012778	9.220278			5728176	19	0	0	1213	460	448	393	LC	30.6	23.0	25.814520547945204	8.156438356164383							
2002	Gastropoda	Neogastropoda	Conidae	Conus	Conus tabidus	16.7667	-22.9833			5728176	19	0	0	1213	460	448	393	LC	26.8	20.0	23.114246575342467	0.13616438356164384							
2003	Gastropoda	Neogastropoda	Conidae	Conus	Conus tabidus	15.18333	-23.2333			5728176	19	0	0	1213	460	448	393	LC	29.7	18.9	24.138356164383563	0.35863013698630136							
2009	Gastropoda	Neogastropoda	Conidae	Conus	Conus tabidus	14.67	-17.396667		12.0	5728176	19	0	0	1213	460	448	393	LC	32.6	15.8	24.403287671232878	0.8134246575342466							
2011	Gastropoda	Neogastropoda	Conidae	Conus	Conus tabidus	14.75	-17.533333		1.0	5728176	19	0	0	1213	460	448	393	LC	35.3	17.7	25.19178082191781	0.712054794520548							
