1959	Gastropoda	Neogastropoda	Conidae	Conus	Conus wittigi					6511329	2	0	0	1213	460	448	393	LC											
1971	Gastropoda	Neogastropoda	Conidae	Conus	Conus wittigi					6511329	2	0	0	1213	460	448	393	LC											
1972	Gastropoda	Neogastropoda	Conidae	Conus	Conus wittigi					6511329	2	0	0	1213	460	448	393	LC											
1979	Gastropoda	Neogastropoda	Conidae	Conus	Conus wittigi	-8.8	121.6333			6511329	2	0	0	1213	460	448	393	LC	31.6	18.7	24.18054794520548	4.152602739726027							
2000	Gastropoda	Neogastropoda	Conidae	Conus	Conus wittigi					6511329	2	0	0	1213	460	448	393	LC											
2001	Gastropoda	Neogastropoda	Conidae	Conus	Conus wittigi	-8.668893	121.159058	3.0	3.0	6511329	2	0	0	1213	460	448	393	LC	34.6	16.5	25.06739726027397	4.738904109589041							
2004	Gastropoda	Neogastropoda	Conidae	Conus	Conus wittigi	-8.48	119.83		2.5	6511329	2	0	0	1213	460	448	393	LC	30.6	22.6	26.695901639344264	3.4863387978142075							
2010	Gastropoda	Neogastropoda	Conidae	Conus	Conus wittigi	-8.36	116.08			6511329	2	0	0	1213	460	448	393	LC	30.7	22.8	26.804109589041097	9.183013698630138							
