1908	Gastropoda	Neogastropoda	Conidae	Conus	Conus muriculatus	7.6833	122.017		49.0	10997010	43	0	0	1213	460	448	393	LC											
1909	Gastropoda	Neogastropoda	Conidae	Conus	Conus muriculatus	12.0083	124.093		280.0	10997010	43	0	0	1213	460	448	393	LC											
1951	Gastropoda	Neogastropoda	Conidae	Conus	Conus muriculatus					10997010	43	0	0	1213	460	448	393	LC											
1961	Gastropoda	Neogastropoda	Conidae	Conus	Conus muriculatus					10997010	43	0	0	1213	460	448	393	LC											
1964	Gastropoda	Neogastropoda	Conidae	Conus	Conus muriculatus				2.5	10997010	43	0	0	1213	460	448	393	LC											
1990	Gastropoda	Neogastropoda	Conidae	Conus	Conus muriculatus					10997010	43	0	0	1213	460	448	393	LC											
1991	Gastropoda	Neogastropoda	Conidae	Conus	Conus muriculatus	24.40668	124.15298			10997010	43	0	0	1213	460	448	393	LC	30.4	12.2	23.84054794520548	4.009041095890411							
1993	Gastropoda	Neogastropoda	Conidae	Conus	Conus muriculatus					10997010	43	0	0	1213	460	448	393	LC											
1995	Gastropoda	Neogastropoda	Conidae	Conus	Conus muriculatus	26.60545	128.00148			10997010	43	0	0	1213	460	448	393	LC	30.1	11.3	22.22027397260274	3.836986301369863							
