1906	Gastropoda	Neogastropoda	Conidae	Conus	Conus gradatulus					6511104	2	0	0	1213	460	448	393	LC											
1959	Gastropoda	Neogastropoda	Conidae	Conus	Conus gradatulus	-34.15	18.246667			6511104	2	0	0	1213	460	448	393	LC	20.4	10.1	15.88054794520548	0.955068493150685							
1960	Gastropoda	Neogastropoda	Conidae	Conus	Conus gradatulus	-34.166667	23.533333			6511104	2	0	0	1213	460	448	393	LC	33.1	8.3	17.69071038251366	1.6103825136612022							
1975	Gastropoda	Neogastropoda	Conidae	Conus	Conus gradatulus	-36.666667	21.433333			6511104	2	0	0	1213	460	448	393	LC	23.5	9.1	17.425479452054795	1.5846575342465754							
1980	Gastropoda	Neogastropoda	Conidae	Conus	Conus gradatulus	-33.0	17.933333			6511104	2	0	0	1213	460	448	393	LC	27.7	8.5	16.788524590163934	0.7382513661202186							
1985	Gastropoda	Neogastropoda	Conidae	Conus	Conus gradatulus	-34.81	20.02			6511104	2	0	0	1213	460	448	393	LC	32.1	5.7	16.89068493150685	1.1227397260273972							
1986	Gastropoda	Neogastropoda	Conidae	Conus	Conus gradatulus				183.0	6511104	2	0	0	1213	460	448	393	LC											
1987	Gastropoda	Neogastropoda	Conidae	Conus	Conus gradatulus				250.0	6511104	2	0	0	1213	460	448	393	LC											
1989	Gastropoda	Neogastropoda	Conidae	Conus	Conus gradatulus	-34.866667	20.016667			6511104	2	0	0	1213	460	448	393	LC	31.8	4.5	16.936164383561643	1.1561643835616437							
