1979	Gastropoda	Neogastropoda	Conidae	Conus	Conus decoratus					5728363	1	0	0	1213	460	448	393	VU											
1986	Gastropoda	Neogastropoda	Conidae	Conus	Conus decoratus	14.95	-16.95			5728363	1	0	0	1213	460	448	393	VU	35.7	13.7	24.253424657534246	0.6183561643835617							
2002	Gastropoda	Neogastropoda	Conidae	Conus	Conus decoratus	16.743746	-24.745811		2.0	5728363	1	0	0	1213	460	448	393	VU	27.0	20.0	23.354794520547944	0.15013698630136987							
2011	Gastropoda	Neogastropoda	Conidae	Conus	Conus decoratus					5728363	1	0	0	1213	460	448	393	VU											
2014	Gastropoda	Neogastropoda	Conidae	Conus	Conus decoratus	15.193326	-23.593672			5728363	1	0	0	1213	460	448	393	VU	29.8	18.4	23.70849315068493	0.2967123287671233							
