1945	Gastropoda	Neogastropoda	Conidae	Conus	Conus isabelarum					5728153	1	0	0	1213	460	448	393	LC											
1946	Gastropoda	Neogastropoda	Conidae	Conus	Conus isabelarum	10.311111	123.891667			5728153	1	0	0	1213	460	448	393	LC	31.5	22.3	25.96	6.27068493150685							
