1992	Gastropoda	Neogastropoda	Conidae	Conus	Conus vicweei					6510932	4	0	0	1213	460	448	393	LC											
2000	Gastropoda	Neogastropoda	Conidae	Conus	Conus vicweei	7.99	98.29			6510932	4	0	0	1213	460	448	393	LC	29.9	23.1	27.033879781420765	8.01120218579235							
2006	Gastropoda	Neogastropoda	Conidae	Conus	Conus vicweei	7.99	98.29		100.0	6510932	4	0	0	1213	460	448	393	LC	30.7	23.6	27.356164383561644	6.242191780821917							
2010	Gastropoda	Neogastropoda	Conidae	Conus	Conus vicweei	7.6	98.36		125.0	6510932	4	0	0	1213	460	448	393	LC	29.9	23.6	26.56684931506849	6.136438356164383							
