1992	Gastropoda	Neogastropoda	Conidae	Conus	Conus norai				8.5	6511483	1	0	0	1213	460	448	393	LC											
2015	Gastropoda	Neogastropoda	Conidae	Conus	Conus norai	16.353834	-60.892666		136.5	6511483	1	0	0	1213	460	448	393	LC	29.2	23.3	26.52054794520548	1.5802739726027397							
