1975	Gastropoda	Neogastropoda	Conidae	Conus	Conus thomae					5795732	2	0	0	1213	460	448	393	LC											
1976	Gastropoda	Neogastropoda	Conidae	Conus	Conus thomae	-28.5	30.6			5795732	2	0	0	1213	460	448	393	LC	35.8	-0.1	17.17896174863388	2.074590163934426							
1979	Gastropoda	Neogastropoda	Conidae	Conus	Conus thomae					5795732	2	0	0	1213	460	448	393	LC											
1982	Gastropoda	Neogastropoda	Conidae	Conus	Conus thomae				219.0	5795732	2	0	0	1213	460	448	393	LC											
1989	Gastropoda	Neogastropoda	Conidae	Conus	Conus thomae					5795732	2	0	0	1213	460	448	393	LC											
2001	Gastropoda	Neogastropoda	Conidae	Conus	Conus thomae					5795732	2	0	0	1213	460	448	393	LC											
2002	Gastropoda	Neogastropoda	Conidae	Conus	Conus thomae	6.968421	125.584082			5795732	2	0	0	1213	460	448	393	LC	32.4	22.7	26.512328767123286	2.9575342465753427							
2004	Gastropoda	Neogastropoda	Conidae	Conus	Conus thomae	5.41	125.35		225.0	5795732	2	0	0	1213	460	448	393	LC	31.8	24.3	27.52103825136612	5.065846994535519							
2006	Gastropoda	Neogastropoda	Conidae	Conus	Conus thomae	5.41	125.35		180.0	5795732	2	0	0	1213	460	448	393	LC	32.2	24.5	27.965753424657535	5.518630136986301							
