1968	Gastropoda	Neogastropoda	Conidae	Conus	Conus sahlbergi					6510389	1	0	0	1213	460	448	393	LC											
1985	Gastropoda	Neogastropoda	Conidae	Conus	Conus sahlbergi	24.25	-76.0			6510389	1	0	0	1213	460	448	393	LC	29.0	16.9	24.9186301369863	2.192328767123288							
2015	Gastropoda	Neogastropoda	Conidae	Conus	Conus sahlbergi	15.957666	-61.457832		109.0	6510389	1	0	0	1213	460	448	393	LC	31.4	22.6	26.83150684931507	2.0904109589041098							
