1879	Gastropoda	Neogastropoda	Conidae	Conus	Conus timorensis					5728346	3	0	0	1213	460	448	393	LC											
1961	Gastropoda	Neogastropoda	Conidae	Conus	Conus timorensis					5728346	3	0	0	1213	460	448	393	LC											
1973	Gastropoda	Neogastropoda	Conidae	Conus	Conus timorensis					5728346	3	0	0	1213	460	448	393	LC											
1977	Gastropoda	Neogastropoda	Conidae	Conus	Conus timorensis				6.0	5728346	3	0	0	1213	460	448	393	LC											
1986	Gastropoda	Neogastropoda	Conidae	Conus	Conus timorensis	-16.63	59.65			5728346	3	0	0	1213	460	448	393	LC	28.1	20.8	24.79095890410959	2.038904109589041							
1990	Gastropoda	Neogastropoda	Conidae	Conus	Conus timorensis	-16.63	59.65		10.0	5728346	3	0	0	1213	460	448	393	LC	27.9	20.9	24.850684931506848	2.4794520547945207							
1998	Gastropoda	Neogastropoda	Conidae	Conus	Conus timorensis	-16.63	59.65			5728346	3	0	0	1213	460	448	393	LC	29.2	21.0	25.14904109589041	1.9145205479452054							
2011	Gastropoda	Neogastropoda	Conidae	Conus	Conus timorensis					5728346	3	0	0	1213	460	448	393	LC											
