1992	Gastropoda	Neogastropoda	Conidae	Conus	Conus ranonganus				120.0	6510850	4	0	0	1213	460	448	393	LC											
1997	Gastropoda	Neogastropoda	Conidae	Conus	Conus ranonganus	7.99	98.29		100.0	6510850	4	0	0	1213	460	448	393	LC	31.6	23.6	27.36191780821918	5.438082191780822							
2002	Gastropoda	Neogastropoda	Conidae	Conus	Conus ranonganus	7.88	98.4			6510850	4	0	0	1213	460	448	393	LC	31.5	23.7	27.497808219178083	4.705479452054795							
2005	Gastropoda	Neogastropoda	Conidae	Conus	Conus ranonganus					6510850	4	0	0	1213	460	448	393	LC											
