1981	Gastropoda	Neogastropoda	Conidae	Conus	Conus saragasae				3.0	5728239	1	0	0	1213	460	448	393	NT											
1986	Gastropoda	Neogastropoda	Conidae	Conus	Conus saragasae	14.95	-16.95			5728239	1	0	0	1213	460	448	393	NT	35.7	13.7	24.253424657534246	0.6183561643835617							
1989	Gastropoda	Neogastropoda	Conidae	Conus	Conus saragasae	14.95	-16.95			5728239	1	0	0	1213	460	448	393	NT	37.1	12.9	24.56684931506849	1.101095890410959							
