1967	Gastropoda	Neogastropoda	Conidae	Conus	Conus asiaticus					5795784	6	0	0	1213	460	448	393	LC											
1969	Gastropoda	Neogastropoda	Conidae	Conus	Conus asiaticus	13.05	80.17			5795784	6	0	0	1213	460	448	393	LC	38.1	14.9	27.727123287671233	3.288767123287671							
1972	Gastropoda	Neogastropoda	Conidae	Conus	Conus asiaticus					5795784	6	0	0	1213	460	448	393	LC											
1977	Gastropoda	Neogastropoda	Conidae	Conus	Conus asiaticus					5795784	6	0	0	1213	460	448	393	LC											
1980	Gastropoda	Neogastropoda	Conidae	Conus	Conus asiaticus	13.5	121.6			5795784	6	0	0	1213	460	448	393	LC	34.3	21.9	27.12049180327869	6.500546448087432							
1984	Gastropoda	Neogastropoda	Conidae	Conus	Conus asiaticus					5795784	6	0	0	1213	460	448	393	LC											
1985	Gastropoda	Neogastropoda	Conidae	Conus	Conus asiaticus	13.03	80.33			5795784	6	0	0	1213	460	448	393	LC	39.9	18.0	27.80849315068493	2.58							
1994	Gastropoda	Neogastropoda	Conidae	Conus	Conus asiaticus					5795784	6	0	0	1213	460	448	393	LC											
