1983	Gastropoda	Neogastropoda	Conidae	Conus	Conus kevani				30.5	6509949	2	0	0	1213	460	448	393	LC											
2015	Gastropoda	Neogastropoda	Conidae	Conus	Conus kevani	16.027834	-61.229332		327.0	6509949	2	0	0	1213	460	448	393	LC	29.0	23.1	26.26	2.331780821917808							
