1981	Gastropoda	Neogastropoda	Conidae	Conus	Conus navarroi				2.5	5728345	1	0	0	1213	460	448	393	NT											
1990	Gastropoda	Neogastropoda	Conidae	Conus	Conus navarroi	16.848267	-24.86614		7.0	5728345	1	0	0	1213	460	448	393	NT	29.2	18.1	23.3813698630137	0.22876712328767124							
1995	Gastropoda	Neogastropoda	Conidae	Conus	Conus navarroi	16.847461	-24.982422		3.0	5728345	1	0	0	1213	460	448	393	NT	28.4	18.0	23.20191780821918	0.10082191780821918							
