1879	Gastropoda	Neogastropoda	Conidae	Conus	Conus flavescens	12.090278	-61.7875		310.9	10905833	4	0	0	1213	460	448	393	LC											
1936	Gastropoda	Neogastropoda	Conidae	Conus	Conus flavescens					10905833	4	0	0	1213	460	448	393	LC											
1940	Gastropoda	Neogastropoda	Conidae	Conus	Conus flavescens	25.814076	-80.209671			10905833	4	0	0	1213	460	448	393	LC											
1944	Gastropoda	Neogastropoda	Conidae	Conus	Conus flavescens	25.543647	-80.169452		0.915	10905833	4	0	0	1213	460	448	393	LC	36.5	9.0	24.362021857923498	2.2226775956284155							
1951	Gastropoda	Neogastropoda	Conidae	Conus	Conus flavescens					10905833	4	0	0	1213	460	448	393	LC											
1977	Gastropoda	Neogastropoda	Conidae	Conus	Conus flavescens					10905833	4	0	0	1213	460	448	393	LC											
