1996	Gastropoda	Neogastropoda	Conidae	Conus	Conus nobrei				4.0	5728361	1	0	0	1213	460	448	393	NT											
2011	Gastropoda	Neogastropoda	Conidae	Conus	Conus nobrei	-13.867	12.519		4.5	5728361	1	0	0	1213	460	448	393	NT	32.4	14.6	23.4027397260274	0.6783561643835616							
