2003	Gastropoda	Neogastropoda	Conidae	Conus	Conus xicoi				3.0	5857074	1	0	0	1213	460	448	393	VU											
2009	Gastropoda	Neogastropoda	Conidae	Conus	Conus xicoi	-8.877	13.179		2.5	5857074	1	0	0	1213	460	448	393	VU	35.4	16.8	25.824383561643835	1.2038356164383561							
