1971	Gastropoda	Neogastropoda	Conidae	Conus	Conus berdulinus					6510423	7	0	0	1213	460	448	393	LC											
1980	Gastropoda	Neogastropoda	Conidae	Conus	Conus berdulinus	-30.588094	30.940137		45.0	6510423	7	0	0	1213	460	448	393	LC	31.2	12.4	21.358469945355193	1.7551912568306012							
2010	Gastropoda	Neogastropoda	Conidae	Conus	Conus berdulinus	-24.696833	47.530834		198.0	6510423	7	0	0	1213	460	448	393	LC	31.0	15.2	23.607397260273974	6.218356164383562							
