1986	Gastropoda	Neogastropoda	Conidae	Conus	Conus harlandi				12.5	6511386	2	0	0	1213	460	448	393	LC											
1987	Gastropoda	Neogastropoda	Conidae	Conus	Conus harlandi					6511386	2	0	0	1213	460	448	393	LC											
1990	Gastropoda	Neogastropoda	Conidae	Conus	Conus harlandi	16.09	-86.89		7.5	6511386	2	0	0	1213	460	448	393	LC	32.1	20.5	26.083287671232878	6.966575342465753							
1991	Gastropoda	Neogastropoda	Conidae	Conus	Conus harlandi					6511386	2	0	0	1213	460	448	393	LC											
1992	Gastropoda	Neogastropoda	Conidae	Conus	Conus harlandi	16.0695	-86.9998			6511386	2	0	0	1213	460	448	393	LC	32.1	21.0	25.91639344262295	4.192622950819672							
1993	Gastropoda	Neogastropoda	Conidae	Conus	Conus harlandi					6511386	2	0	0	1213	460	448	393	LC											
2003	Gastropoda	Neogastropoda	Conidae	Conus	Conus harlandi	16.09	-86.89		15.0	6511386	2	0	0	1213	460	448	393	LC	32.4	19.1	26.085753424657533	7.780821917808219							
