1991	Gastropoda	Neogastropoda	Conidae	Conus	Conus regonae				3.0	5728165	1	0	0	1213	460	448	393	VU											
2001	Gastropoda	Neogastropoda	Conidae	Conus	Conus regonae	16.85	-22.93333			5728165	1	0	0	1213	460	448	393	VU	27.8	19.1	23.31095890410959	0.16493150684931507							
2002	Gastropoda	Neogastropoda	Conidae	Conus	Conus regonae	16.85	-22.93333			5728165	1	0	0	1213	460	448	393	VU	26.9	20.1	23.214246575342464	0.13616438356164384							
2005	Gastropoda	Neogastropoda	Conidae	Conus	Conus regonae	16.771528	-22.987385		2.0	5728165	1	0	0	1213	460	448	393	VU	28.0	18.7	23.752054794520546	0.23917808219178083							
2008	Gastropoda	Neogastropoda	Conidae	Conus	Conus regonae	16.771528	-22.987385		3.0	5728165	1	0	0	1213	460	448	393	VU	28.1	19.8	23.23934426229508	0.20683060109289617							
