1975	Gastropoda	Neogastropoda	Conidae	Conus	Conus cloveri					5728402	1	0	0	1213	460	448	393	EN											
1979	Gastropoda	Neogastropoda	Conidae	Conus	Conus cloveri	14.0	-14.0			5728401	1	0	0	1213	460	448	393	EN	43.9	17.6	29.439452054794522	1.5178082191780822							
1986	Gastropoda	Neogastropoda	Conidae	Conus	Conus cloveri	14.95	-16.95			5728401	1	0	0	1213	460	448	393	EN	35.7	13.7	24.253424657534246	0.6183561643835617							
1995	Gastropoda	Neogastropoda	Conidae	Conus	Conus cloveri	14.74	-17.53		1.0	5728401	1	0	0	1213	460	448	393	EN	36.1	16.6	25.327123287671235	0.9298630136986301							
