1958	Gastropoda	Neogastropoda	Conidae	Conus	Conus judaeus					5795768	4	0	0	1213	460	448	393	LC											
2000	Gastropoda	Neogastropoda	Conidae	Conus	Conus judaeus	26.634611	127.864181			5795768	4	0	0	1213	460	448	393	LC	29.4	11.9	22.722404371584698	6.578688524590164							
2006	Gastropoda	Neogastropoda	Conidae	Conus	Conus judaeus	-15.581111	167.039868		0.5	5795768	4	0	0	1213	460	448	393	LC	32.1	19.1	25.203287671232875	7.410958904109589							
2010	Gastropoda	Neogastropoda	Conidae	Conus	Conus judaeus	-25.456583	44.956501		0.5	5795768	4	0	0	1213	460	448	393	LC	35.7	13.8	24.46164383561644	0.7621917808219179							
2011	Gastropoda	Neogastropoda	Conidae	Conus	Conus judaeus	-26.041666	32.891666		0.5	5795768	4	0	0	1213	460	448	393	LC	34.6	12.7	23.12767123287671	1.9104109589041096							
2012	Gastropoda	Neogastropoda	Conidae	Conus	Conus judaeus	-5.002631	145.794118		0.5	5795768	4	0	0	1213	460	448	393	LC	35.5	21.8	25.481693989071037	10.42896174863388							
