1924	Bivalvia	Venerida	Cyrenidae	Corbicula	Corbicula moreletiana	30.5288	114.3106			8870164	4	0	0	1213	13	8	7	LC											
1966	Bivalvia	Venerida	Cyrenidae	Corbicula	Corbicula moreletiana	8.433333	99.966667			8870164	4	0	0	1213	13	8	7	LC	32.6	18.9	25.68931506849315	6.474794520547945							
1967	Bivalvia	Venerida	Cyrenidae	Corbicula	Corbicula moreletiana	15.23844	104.848659			8870164	4	0	0	1213	13	8	7	LC	37.8	11.8	26.070958904109588	3.0402739726027397							
1968	Bivalvia	Venerida	Cyrenidae	Corbicula	Corbicula moreletiana	11.549565	104.852753			8870164	4	0	0	1213	13	8	7	LC	37.4	19.4	27.4	2.660928961748634							
1969	Bivalvia	Venerida	Cyrenidae	Corbicula	Corbicula moreletiana					8870164	4	0	0	1213	13	8	7	LC											
2004	Bivalvia	Venerida	Cyrenidae	Corbicula	Corbicula moreletiana					8870164	4	0	0	1213	13	8	7	LC											
2009	Bivalvia	Venerida	Cyrenidae	Corbicula	Corbicula moreletiana	11.5797	104.924			8870164	4	0	0	1213	13	8	7	LC	35.7	17.6	27.403287671232878	4.001369863013698							
