1956	Gastropoda	Stylommatophora	Helicidae	Corneola	Corneola desmoulinsii					4563073	3	0	0	1213	399	50	4	LC											
1958	Gastropoda	Stylommatophora	Helicidae	Corneola	Corneola desmoulinsii					9484320	3	0	0	1213	399	50	4	LC											
1964	Gastropoda	Stylommatophora	Helicidae	Corneola	Corneola desmoulinsii	41.61644	0.62361			4563073	3	0	0	1213	399	50	4	LC	35.9	-4.1	14.305464480874317	1.155191256830601							
1969	Gastropoda	Stylommatophora	Helicidae	Corneola	Corneola desmoulinsii	41.31786	1.17762			4563073	3	0	0	1213	399	50	4	LC	32.7	-3.2	13.466027397260275	2.5575342465753423							
1988	Gastropoda	Stylommatophora	Helicidae	Corneola	Corneola desmoulinsii			1600.0		4563073	3	0	0	1213	399	50	4	LC											
1995	Gastropoda	Stylommatophora	Helicidae	Corneola	Corneola desmoulinsii	42.309423	2.171093			4563073	3	0	0	1213	399	50	4	LC	28.9	-5.8	10.375890410958904	2.0038356164383564							
2008	Gastropoda	Stylommatophora	Helicidae	Corneola	Corneola desmoulinsii	40.48	0.44			4563073	3	0	0	1213	399	50	4	LC	34.2	0.1	15.999180327868853	1.5849726775956285							
2017	Gastropoda	Stylommatophora	Helicidae	Corneola	Corneola desmoulinsii	42.280562	1.037436			4563073	3	0	0	1213	399	50	4	LC	35.3	-7.1	13.432054794520548	1.5306849315068494							
