1800	Gastropoda	Stylommatophora	Helicidae	Cornu	Cornu mazzullii	35.9919	6.0692			5779397	1	0	0	1213	399	50	1	EN											
1852	Gastropoda	Stylommatophora	Helicidae	Cornu	Cornu mazzullii					7572371	1	0	0	1213	399	50	1	EN											
1925	Gastropoda	Stylommatophora	Helicidae	Cornu	Cornu mazzullii					5779397	1	0	0	1213	399	50	1	EN											
1997	Gastropoda	Stylommatophora	Helicidae	Cornu	Cornu mazzullii	38.17	13.35	200.0		5779397	1	0	0	1213	399	50	1	EN	36.6	3.3	16.33095890410959	1.5410958904109588							
