1921	Gastropoda	Littorinimorpha	Tomichiidae	Coxiella	Coxiella exposita	-34.3	117.55			5796676	1	0	0	1213	88	16	5	LC											
1965	Gastropoda	Littorinimorpha	Tomichiidae	Coxiella	Coxiella exposita	-33.366	117.333			5796676	1	0	0	1213	88	16	5	LC	39.9	1.5	16.483835616438355	1.218082191780822							
1966	Gastropoda	Littorinimorpha	Tomichiidae	Coxiella	Coxiella exposita	-33.45	117.283			5796676	1	0	0	1213	88	16	5	LC	37.8	0.9	16.042191780821916	0.8041095890410959							
1968	Gastropoda	Littorinimorpha	Tomichiidae	Coxiella	Coxiella exposita	-34.0333	117.6333			5796676	1	0	0	1213	88	16	5	LC	42.5	1.1	14.333060109289617	1.0617486338797815							
1969	Gastropoda	Littorinimorpha	Tomichiidae	Coxiella	Coxiella exposita	-33.45	117.283			5796676	1	0	0	1213	88	16	5	LC	41.8	0.5	15.998630136986302	0.6153424657534247							
1976	Gastropoda	Littorinimorpha	Tomichiidae	Coxiella	Coxiella exposita	-29.933	114.966			5796676	1	0	0	1213	88	16	5	LC	42.1	7.5	20.196448087431694	0.953551912568306							
1985	Gastropoda	Littorinimorpha	Tomichiidae	Coxiella	Coxiella exposita	-32.516	115.70833			5796676	1	0	0	1213	88	16	5	LC	40.2	6.4	18.070958904109588	1.576986301369863							
1997	Gastropoda	Littorinimorpha	Tomichiidae	Coxiella	Coxiella exposita	-33.01166	117.4411			5796676	1	0	0	1213	88	16	5	LC	43.1	-0.5	16.36739726027397	0.7805479452054794							
1998	Gastropoda	Littorinimorpha	Tomichiidae	Coxiella	Coxiella exposita	-34.2286	117.93527			5796676	1	0	0	1213	88	16	5	LC	40.1	2.1	14.873698630136987	1.1649315068493151							
