1899	Gastropoda	Architaenioglossa	Craspedopomatidae	Craspedopoma	Craspedopoma mucronatum					4561469	1	0	0	1213	63	1	1	LC											
1988	Gastropoda	Architaenioglossa	Craspedopomatidae	Craspedopoma	Craspedopoma mucronatum	32.666667	-17.0			4561469	1	0	0	1213	63	1	1	LC	29.6	5.7	15.829781420765027	1.2978142076502732							
2008	Gastropoda	Architaenioglossa	Craspedopomatidae	Craspedopoma	Craspedopoma mucronatum	32.733333	-16.833333			4561469	1	0	0	1213	63	1	1	LC	24.6	8.4	15.636612021857923	1.437431693989071							
