1967	Gastropoda	Architaenioglossa	Craspedopomatidae	Craspedopoma	Craspedopoma hespericum	37.716667	-25.45		91.44	4561474	1	0	0	1213	63	1	1	LC	25.7	9.9	17.79041095890411	2.3098630136986302							
