1987	Gastropoda	Littorinimorpha	Littorinidae	Cremnoconchus	Cremnoconchus syhadrensis	18.966667	72.8			5856885	1	0	0	1213	88	3	5	EN	37.3	16.2	26.886027397260275	2.733698630136986							
