1977	Gastropoda	Stylommatophora	Camaenidae	Cristilabrum	Cristilabrum spectaculum					2294752	1	0	0	1213	399	15	7	LR/nt											
1980	Gastropoda	Stylommatophora	Camaenidae	Cristilabrum	Cristilabrum spectaculum	-15.4	128.7			2294752	1	0	0	1213	399	15	7	LR/nt	41.8	8.4	27.897814207650274	2.296448087431694							
1984	Gastropoda	Stylommatophora	Camaenidae	Cristilabrum	Cristilabrum spectaculum	-15.5	128.7			2294752	1	0	0	1213	399	15	7	LR/nt	43.2	7.4	27.315573770491802	2.587431693989071							
1986	Gastropoda	Stylommatophora	Camaenidae	Cristilabrum	Cristilabrum spectaculum	-15.4	128.7			2294752	1	0	0	1213	399	15	7	LR/nt	42.4	8.6	28.52904109589041	1.610958904109589							
2007	Gastropoda	Stylommatophora	Camaenidae	Cristilabrum	Cristilabrum spectaculum	-15.4	128.7			2294752	1	0	0	1213	399	15	7	I	42.3	9.1	27.352602739726027	2.258082191780822							
