1976	Gastropoda	Stylommatophora	Camaenidae	Cristilabrum	Cristilabrum bubulum					2294758	1	0	0	1213	399	15	4	EN											
1977	Gastropoda	Stylommatophora	Camaenidae	Cristilabrum	Cristilabrum bubulum	-14.9	128.6			2294758	1	0	0	1213	399	15	4	EN	35.9	14.0	26.491232876712328	2.366027397260274							
1980	Gastropoda	Stylommatophora	Camaenidae	Cristilabrum	Cristilabrum bubulum	-15.2917	128.6694			2294758	1	0	0	1213	399	15	4	EN	41.7	8.7	27.790983606557376	2.2707650273224043							
1984	Gastropoda	Stylommatophora	Camaenidae	Cristilabrum	Cristilabrum bubulum	-15.3	128.7			2294758	1	0	0	1213	399	15	4	EN	42.9	8.5	27.236612021857923	2.84344262295082							
2009	Gastropoda	Stylommatophora	Camaenidae	Cristilabrum	Cristilabrum bubulum	-15.3	128.7			2294758	1	0	0	1213	399	15	4	E	42.3	8.7	27.71232876712329	2.861643835616438							
