1909	Bivalvia	Unionida	Unionidae	Cuneopsis	Cuneopsis heudei					8215569	1	0	0	1213	179	165	4	LC											
2000	Bivalvia	Unionida	Unionidae	Cuneopsis	Cuneopsis heudei	28.6831	115.883			8215569	1	0	0	1213	179	165	4	LC	37.7	-3.6	18.036612021857923	4.85							
2001	Bivalvia	Unionida	Unionidae	Cuneopsis	Cuneopsis heudei	28.6824	115.874			8215569	1	0	0	1213	179	165	4	LC	37.1	-2.0	18.34794520547945	4.2276712328767125							
2004	Bivalvia	Unionida	Unionidae	Cuneopsis	Cuneopsis heudei					8215569	1	0	0	1213	179	165	4	LC											
2005	Bivalvia	Unionida	Unionidae	Cuneopsis	Cuneopsis heudei					8215569	1	0	0	1213	179	165	4	LC											
2008	Bivalvia	Unionida	Unionidae	Cuneopsis	Cuneopsis heudei	28.84	116.492			8215569	1	0	0	1213	179	165	4	LC	37.0	-3.7	18.78087431693989	3.9439890710382515							
2019	Bivalvia	Unionida	Unionidae	Cuneopsis	Cuneopsis heudei					8215569	1	0	0	1213	179	165	4	LC											
