1880	Gastropoda	Stylommatophora	Camaenidae	Cupedora	Cupedora broughami	-32.42277	138.5961			2294683	1	0	0	1213	399	15	1	LR/nt											
1914	Gastropoda	Stylommatophora	Camaenidae	Cupedora	Cupedora broughami	-32.54638	138.62304			2294683	1	0	0	1213	399	15	1	LR/nt											
1937	Gastropoda	Stylommatophora	Camaenidae	Cupedora	Cupedora broughami	-32.42277	138.5961			2294683	1	0	0	1213	399	15	1	LR/nt											
1981	Gastropoda	Stylommatophora	Camaenidae	Cupedora	Cupedora broughami	-32.4753	138.645			2294683	1	0	0	1213	399	15	1	LR/nt	40.3	0.1	16.07041095890411	0.7298630136986302							
