1906	Gastropoda	Stylommatophora	Camaenidae	Cupedora	Cupedora tomsetti	-35.833	137.1			2294708	1	0	0	1213	399	15	2	LR/nt											
1914	Gastropoda	Stylommatophora	Camaenidae	Cupedora	Cupedora tomsetti	-35.75	136.583			2294708	1	0	0	1213	399	15	2	LR/nt											
1916	Gastropoda	Stylommatophora	Camaenidae	Cupedora	Cupedora tomsetti	-35.75	136.583			2294708	1	0	0	1213	399	15	2	LR/nt											
1918	Gastropoda	Stylommatophora	Camaenidae	Cupedora	Cupedora tomsetti	-35.75	136.583			2294708	1	0	0	1213	399	15	2	LR/nt											
1939	Gastropoda	Stylommatophora	Camaenidae	Cupedora	Cupedora tomsetti	-35.75	136.583			2294708	1	0	0	1213	399	15	2	LR/nt											
1982	Gastropoda	Stylommatophora	Camaenidae	Cupedora	Cupedora tomsetti	-35.75416	136.59166			2294708	1	0	0	1213	399	15	2	LR/nt	31.3	7.1	14.827123287671233	0.7876712328767124							
1985	Gastropoda	Stylommatophora	Camaenidae	Cupedora	Cupedora tomsetti	-35.8017	136.6061			2294708	1	0	0	1213	399	15	2	LR/nt	29.3	8.0	15.27095890410959	1.116164383561644							
1990	Gastropoda	Stylommatophora	Camaenidae	Cupedora	Cupedora tomsetti	-35.75	136.633301			2294708	1	0	0	1213	399	15	2	LR/nt	30.1	7.7	15.42	1.3523287671232878							
2012	Gastropoda	Stylommatophora	Camaenidae	Cupedora	Cupedora tomsetti	-35.79249	136.58116			2294708	1	0	0	1213	399	15	2	E	29.8	7.3	15.452459016393442	1.0237704918032786							
