1950	Gastropoda	Littorinimorpha	Assimineidae	Cyclotropis	Cyclotropis carinata	2.96	99.8			7725253	4	0	0	1213	88	6	7	LC	31.5	21.2	26.030684931506848	6.213972602739726							
1964	Gastropoda	Littorinimorpha	Assimineidae	Cyclotropis	Cyclotropis carinata	13.810028	100.537139			7725253	4	0	0	1213	88	6	7	LC	36.9	14.4	26.97978142076503	3.5614754098360657							
1965	Gastropoda	Littorinimorpha	Assimineidae	Cyclotropis	Cyclotropis carinata	13.71874	100.48367			7725253	4	0	0	1213	88	6	7	LC	36.4	16.7	26.92	3.810958904109589							
