1907	Gastropoda	Stylommatophora	Hygromiidae	Cyrnotheba	Cyrnotheba corsica	42.1	9.52			4565059	1	0	0	1213	399	36	1	LC											
1977	Gastropoda	Stylommatophora	Hygromiidae	Cyrnotheba	Cyrnotheba corsica	42.15249	9.12073			4565059	1	0	0	1213	399	36	1	LC	25.9	-3.6	9.964383561643835	2.949041095890411							
1994	Gastropoda	Stylommatophora	Hygromiidae	Cyrnotheba	Cyrnotheba corsica	42.14853	9.190437			4565059	1	0	0	1213	399	36	1	LC	31.3	-4.7	11.806301369863014	2.1093150684931508							
2010	Gastropoda	Stylommatophora	Hygromiidae	Cyrnotheba	Cyrnotheba corsica	41.94801	9.29822	1059.0		4565059	1	0	0	1213	399	36	1	LC	30.4	-4.8	10.995342465753424	3.433150684931507							
2017	Gastropoda	Stylommatophora	Hygromiidae	Cyrnotheba	Cyrnotheba corsica	42.364216	8.665134			4565059	1	0	0	1213	399	36	1	LR/lc	33.9	1.8	15.659178082191781	1.8115068493150686							
2019	Gastropoda	Stylommatophora	Hygromiidae	Cyrnotheba	Cyrnotheba corsica	42.49392	8.99075	801.0		4565059	1	0	0	1213	399	36	1	LR/lc	33.7	-3.0	14.14931506849315	2.7726027397260276							
2020	Gastropoda	Stylommatophora	Hygromiidae	Cyrnotheba	Cyrnotheba corsica	42.69884	9.40011	944.0		4565059	1	0	0	1213	399	36	1	LR/lc	29.3	-2.6	11.763661202185792	2.3122950819672132							
2021	Gastropoda	Stylommatophora	Hygromiidae	Cyrnotheba	Cyrnotheba corsica	41.91505	9.27614	343.0		4565059	1	0	0	1213	399	36	1	LR/lc	34.9	-0.2	15.273972602739725	1.958082191780822							
