1887	Gastropoda	Stylommatophora	Helicidae	Delphinatia	Delphinatia fontenillii	44.88281	5.52772			4563223	2	0	0	1213	399	50	2	LC											
1960	Gastropoda	Stylommatophora	Helicidae	Delphinatia	Delphinatia fontenillii	44.523	5.743			9415713	2	0	0	1213	399	50	2	LC	27.0	-19.1	7.814207650273224	4.048360655737705							
1973	Gastropoda	Stylommatophora	Helicidae	Delphinatia	Delphinatia fontenillii	44.523	5.743	2000.0		9415713	2	0	0	1213	399	50	2	LC	27.6	-20.0	7.6528767123287675	2.7945205479452055							
1985	Gastropoda	Stylommatophora	Helicidae	Delphinatia	Delphinatia fontenillii					4563223	2	0	0	1213	399	50	2	LC											
2007	Gastropoda	Stylommatophora	Helicidae	Delphinatia	Delphinatia fontenillii	45.32298	5.762195			4563223	2	0	0	1213	399	50	2	LC	21.7	-24.9	1.558904109589041	3.7334246575342465							
2011	Gastropoda	Stylommatophora	Helicidae	Delphinatia	Delphinatia fontenillii	44.882814	5.527716			4563223	2	0	0	1213	399	50	2	LC	25.0	-12.3	4.953424657534247	3.169315068493151							
