1985	Gastropoda	Stylommatophora	Agriolimacidae	Deroceras	Deroceras praecox					8834293	3	0	0	1213	399	9	9	LC											
2010	Gastropoda	Stylommatophora	Agriolimacidae	Deroceras	Deroceras praecox	50.259998	17.0			8834293	3	0	0	1213	399	9	9	LC	28.0	-19.6	4.830958904109589	3.030958904109589							
2019	Gastropoda	Stylommatophora	Agriolimacidae	Deroceras	Deroceras praecox	50.675867	13.463833			8834293	3	0	0	1213	399	9	9	LC	32.8	-11.4	8.962191780821918	2.1405479452054794							
