1991	Gastropoda	Stylommatophora	Euconulidae	Diastole	Diastole tenuistriata					5783213	1	0	0	1213	399	1	393	VU											
1997	Gastropoda	Stylommatophora	Euconulidae	Diastole	Diastole tenuistriata	-25.0647	-130.1083			5783213	1	0	0	1213	399	1	393	VU	24.6	15.1	20.813424657534245	3.990958904109589							
