1924	Bivalvia	Unionida	Mycetopodidae	Diplodontites	Diplodontites cookei	4.99722	-75.9081			7526537	3	0	0	1213	179	4	1	LC											
1943	Bivalvia	Unionida	Mycetopodidae	Diplodontites	Diplodontites cookei	9.64883	-73.3909			7526537	3	0	0	1213	179	4	1	LC	34.5	17.6	25.871506849315068	4.647945205479452							
