1894	Gastropoda	Stylommatophora	Camaenidae	Dirutrachia	Dirutrachia sublevata	-23.1	134.92			2295201	1	0	0	1213	399	15	1	LR/nt											
1914	Gastropoda	Stylommatophora	Camaenidae	Dirutrachia	Dirutrachia sublevata	-23.38694	134.69583			2295201	1	0	0	1213	399	15	1	LR/nt											
1974	Gastropoda	Stylommatophora	Camaenidae	Dirutrachia	Dirutrachia sublevata	-23.05	134.68			2295201	1	0	0	1213	399	15	1	LR/nt	39.9	1.7	20.30849315068493	1.827945205479452							
1978	Gastropoda	Stylommatophora	Camaenidae	Dirutrachia	Dirutrachia sublevata	-23.2706	134.886			2295201	1	0	0	1213	399	15	1	LR/nt	40.3	-0.1	21.043561643835616	1.212054794520548							
1994	Gastropoda	Stylommatophora	Camaenidae	Dirutrachia	Dirutrachia sublevata	-23.1	134.92			2295201	1	0	0	1213	399	15	1	LR/nt	41.5	1.1	21.08082191780822	0.3673972602739726							
2012	Gastropoda	Stylommatophora	Camaenidae	Dirutrachia	Dirutrachia sublevata	-23.16333	135.04221			2295201	1	0	0	1213	399	15	1	V	40.6	2.2	21.760382513661202	0.5603825136612022							
