1900	Gastropoda	Stylommatophora	Helicidae	Discula	Discula tectiformis					5780082	1	0	0	1213	399	50	7	EN											
1959	Gastropoda	Stylommatophora	Helicidae	Discula	Discula tectiformis					5780082	1	0	0	1213	399	50	7	EN											
1983	Gastropoda	Stylommatophora	Helicidae	Discula	Discula tectiformis	33.066667	-15.666667			5780082	1	0	0	1213	399	50	7	EN	23.3	10.7	18.66904109589041	0.6756164383561644							
