1931	Gastropoda	Stylommatophora	Discidae	Discus	Discus marmorensis	45.583333	-116.333333			5190493	1	0	0	1213	399	3	3	VU											
1957	Gastropoda	Stylommatophora	Discidae	Discus	Discus marmorensis	45.58299	-116.24411			5190493	1	0	0	1213	399	3	3	VU	34.4	-25.5	9.05835616438356	2.185205479452055							
1960	Gastropoda	Stylommatophora	Discidae	Discus	Discus marmorensis	45.58251	-116.24454			5190493	1	0	0	1213	399	3	3	VU	37.8	-22.8	8.734699453551913	2.2128415300546447							
1975	Gastropoda	Stylommatophora	Discidae	Discus	Discus marmorensis					5190493	1	0	0	1213	399	3	3	VU											
1990	Gastropoda	Stylommatophora	Discidae	Discus	Discus marmorensis					5190493	1	0	0	1213	399	3	3	VU											
2014	Gastropoda	Stylommatophora	Discidae	Discus	Discus marmorensis	45.5844	-116.2467	765.0		5190493	1	0	0	1213	399	3	3	K	36.8	-21.9	10.95890410958904	2.1920547945205477							
