1909	Gastropoda	Stylommatophora	Camaenidae	Divellomelon	Divellomelon hillieri	-24.05833	132.75472			2295249	1	0	0	1213	399	15	9	VU											
1950	Gastropoda	Stylommatophora	Camaenidae	Divellomelon	Divellomelon hillieri					2295249	1	0	0	1213	399	15	9	VU											
1958	Gastropoda	Stylommatophora	Camaenidae	Divellomelon	Divellomelon hillieri	-24.07	132.75			2295249	1	0	0	1213	399	15	9	VU	41.2	0.2	22.904383561643836	0.26684931506849313							
1983	Gastropoda	Stylommatophora	Camaenidae	Divellomelon	Divellomelon hillieri	-24.0588	132.7314			2295249	1	0	0	1213	399	15	9	VU	43.0	-1.2	21.75041095890411	1.4336986301369863							
1994	Gastropoda	Stylommatophora	Camaenidae	Divellomelon	Divellomelon hillieri	-24.03	132.68			2295249	1	0	0	1213	399	15	9	VU	41.6	1.1	21.643287671232876	0.26136986301369863							
1995	Gastropoda	Stylommatophora	Camaenidae	Divellomelon	Divellomelon hillieri	-24.03	132.68			2295249	1	0	0	1213	399	15	9	VU	41.1	0.3	21.149315068493152	1.036986301369863							
