1923	Bivalvia	Unionida	Hyriidae	Echyridella	Echyridella onekaka					10907318	1	0	0	1213	179	4	1	LC											
2005	Bivalvia	Unionida	Hyriidae	Echyridella	Echyridella onekaka	-40.7673	172.706		0.3	7738416	1	0	0	1213	179	4	1	LC	23.9	4.9	13.98931506849315	3.3364383561643836							
