1902	Gastropoda		Pleuroceridae	Elimia	Elimia impressa					2302010	0	0	0	1213	88	3	2	EX											
1904	Gastropoda		Pleuroceridae	Elimia	Elimia impressa	32.64778	-86.36972			2302010	0	0	0	1213	88	3	2	EX											
1905	Gastropoda		Pleuroceridae	Elimia	Elimia impressa	32.64778	-86.36972			2302010	0	0	0	1213	88	3	2	EX											
1911	Gastropoda		Pleuroceridae	Elimia	Elimia impressa	34.92694	-87.66944			2302010	0	0	0	1213	88	3	2	EX											
1912	Gastropoda		Pleuroceridae	Elimia	Elimia impressa	32.64778	-86.36972			2302010	0	0	0	1213	88	3	2	EX											
1913	Gastropoda		Pleuroceridae	Elimia	Elimia impressa	32.64778	-86.36972			2302010	0	0	0	1213	88	3	2	EX											
1914	Gastropoda		Pleuroceridae	Elimia	Elimia impressa	32.64778	-86.36972			2302010	0	0	0	1213	88	3	2	EX											
1918	Gastropoda		Pleuroceridae	Elimia	Elimia impressa	32.64778	-86.36972			2302010	0	0	0	1213	88	3	2	EX											
