1900	Gastropoda		Pleuroceridae	Elimia	Elimia troostiana					2302063	0	0	0	1213	399	3	2	CR											
1923	Gastropoda		Pleuroceridae	Elimia	Elimia troostiana					2302063	0	0	0	1213	399	3	2	CR											
1969	Gastropoda		Pleuroceridae	Elimia	Elimia troostiana	36.1225	-83.4743			2302063	0	0	0	1213	399	3	2	CR	36.1	-11.4	13.442191780821918	2.5416438356164384							
1970	Gastropoda		Pleuroceridae	Elimia	Elimia troostiana	35.2013	-84.6136			2302063	0	0	0	1213	399	3	2	CR	36.8	-22.4	15.498082191780822	2.657808219178082							
