1914	Gastropoda		Pleuroceridae	Elimia	Elimia godwini	33.76222	-86.04361			9206648	1	0	0	1213	460	3	2	LC											
1916	Gastropoda		Pleuroceridae	Elimia	Elimia godwini	33.83528	-85.83694			9206648	1	0	0	1213	460	3	2	LC											
1926	Gastropoda		Pleuroceridae	Elimia	Elimia godwini	33.81361	-85.76139			9206648	1	0	0	1213	460	3	2	LC											
1975	Gastropoda		Pleuroceridae	Elimia	Elimia godwini	33.653656	-87.867819			9206648	1	0	0	1213	460	3	2	LC	35.8	-7.0	16.774794520547946	4.554794520547945							
1976	Gastropoda		Pleuroceridae	Elimia	Elimia godwini	33.797193	-85.781147			9206648	1	0	0	1213	460	3	2	LC	35.2	-8.9	15.659016393442624	3.1349726775956284							
1996	Gastropoda		Pleuroceridae	Elimia	Elimia godwini	33.595	-85.926667			9206648	1	0	0	1213	460	3	2	LC	34.5	-12.7	16.368852459016395	3.3792349726775956							
2016	Gastropoda		Pleuroceridae	Elimia	Elimia godwini	33.7277	-85.9867			9206648	1	0	0	1213	460	3	2	LC	36.2	-4.0	18.64672131147541	2.3882513661202185							
2017	Gastropoda		Pleuroceridae	Elimia	Elimia godwini	33.7795	-86.0002			9206648	1	0	0	1213	460	3	2	LC	35.4	-6.8	18.042191780821916	3.6115068493150684							
