1881	Gastropoda		Pleuroceridae	Elimia	Elimia brevis	32.647908	-86.369696			2302017	0	0	0	1213	399	3	2	EX											
1914	Gastropoda		Pleuroceridae	Elimia	Elimia brevis	33.1478	-86.480003			2302017	0	0	0	1213	399	3	2	EX											
1932	Gastropoda		Pleuroceridae	Elimia	Elimia brevis	33.1478	-86.480003			2302017	0	0	0	1213	399	3	2	EX											
1935	Gastropoda		Pleuroceridae	Elimia	Elimia brevis					2302017	0	0	0	1213	399	3	2	EX											
1962	Gastropoda		Pleuroceridae	Elimia	Elimia brevis	33.4018	-86.3686			2302017	0	0	0	1213	399	3	2	EX	38.6	-15.8	17.684931506849313	2.986027397260274							
