1921	Gastropoda		Pleuroceridae	Elimia	Elimia teres	35.90924	-84.87355			2302217	1	0	0	1213	399	3	2	VU											
1941	Gastropoda		Pleuroceridae	Elimia	Elimia teres	35.84077	-84.91771			2302217	1	0	0	1213	399	3	2	VU	31.5	-9.8	13.544383561643835	3.331232876712329							
1955	Gastropoda		Pleuroceridae	Elimia	Elimia teres	35.9515	-84.2072			2302217	1	0	0	1213	399	3	2	VU	35.2	-13.8	14.966575342465754	2.8906849315068492							
1968	Gastropoda		Pleuroceridae	Elimia	Elimia teres	35.6158	-84.7073			2302217	1	0	0	1213	399	3	2	VU	36.1	-9.5	14.320218579234973	2.6592896174863387							
1969	Gastropoda		Pleuroceridae	Elimia	Elimia teres	35.345	-84.7759			2302217	1	0	0	1213	399	3	2	VU	36.9	-9.2	14.645205479452056	2.825753424657534							
