1904	Gastropoda		Pleuroceridae	Elimia	Elimia jonesi	32.57028	-86.51194			2302022	0	0	0	1213	63	3	2	EX											
1905	Gastropoda		Pleuroceridae	Elimia	Elimia jonesi	32.64778	-86.36972			2302022	0	0	0	1213	63	3	2	EX											
1911	Gastropoda		Pleuroceridae	Elimia	Elimia jonesi					2302022	0	0	0	1213	63	3	2	EX											
1913	Gastropoda		Pleuroceridae	Elimia	Elimia jonesi	32.64778	-86.36972			2302022	0	0	0	1213	63	3	2	EX											
1914	Gastropoda		Pleuroceridae	Elimia	Elimia jonesi	32.64778	-86.36972			2302022	0	0	0	1213	63	3	2	EX											
1915	Gastropoda		Pleuroceridae	Elimia	Elimia jonesi	33.08944	-87.04139			2302022	0	0	0	1213	63	3	2	EX											
1916	Gastropoda		Pleuroceridae	Elimia	Elimia jonesi	32.31917	-87.09472			2302022	0	0	0	1213	63	3	2	EX											
