1905	Gastropoda		Pleuroceridae	Elimia	Elimia gibbera	32.48333	-86.26667			2302021	0	0	0	1213	179	3	2	EX											
1914	Gastropoda		Pleuroceridae	Elimia	Elimia gibbera	32.64778	-86.36972			2302021	0	0	0	1213	179	3	2	EX											
1956	Gastropoda		Pleuroceridae	Elimia	Elimia gibbera	33.5471	-86.1891			2302021	0	0	0	1213	179	3	2	EX	37.5	-3.2	17.731967213114753	3.2008196721311477							
