1899	Gastropoda		Pleuroceridae	Elimia	Elimia hartmaniana					2302019	0	0	0	1213	63	3	2	EX											
1903	Gastropoda		Pleuroceridae	Elimia	Elimia hartmaniana	32.64778	-86.36972			2302019	0	0	0	1213	63	3	2	EX											
1904	Gastropoda		Pleuroceridae	Elimia	Elimia hartmaniana	32.64778	-86.36972			2302019	0	0	0	1213	63	3	2	EX											
1905	Gastropoda		Pleuroceridae	Elimia	Elimia hartmaniana	34.92694	-87.66944			2302019	0	0	0	1213	63	3	2	EX											
1907	Gastropoda		Pleuroceridae	Elimia	Elimia hartmaniana	32.64778	-86.36972			2302019	0	0	0	1213	63	3	2	EX											
1911	Gastropoda		Pleuroceridae	Elimia	Elimia hartmaniana	34.92694	-87.66944			2302019	0	0	0	1213	63	3	2	EX											
1913	Gastropoda		Pleuroceridae	Elimia	Elimia hartmaniana	32.64778	-86.36972			2302019	0	0	0	1213	63	3	2	EX											
1914	Gastropoda		Pleuroceridae	Elimia	Elimia hartmaniana	32.64778	-86.36972			2302019	0	0	0	1213	63	3	2	EX											
1992	Gastropoda		Pleuroceridae	Elimia	Elimia hartmaniana	33.0742	-87.0728			2302019	0	0	0	1213	63	3	2	EX	36.1	-8.5	17.55983606557377	3.6524590163934425							
