1905	Gastropoda		Pleuroceridae	Elimia	Elimia interveniens					2302025	1	0	0	1213	460	3	2	NT											
1909	Gastropoda		Pleuroceridae	Elimia	Elimia interveniens	33.94472	-86.66944			2302025	1	0	0	1213	460	3	2	NT											
1969	Gastropoda		Pleuroceridae	Elimia	Elimia interveniens					2302025	1	0	0	1213	460	3	2	NT											
1971	Gastropoda		Pleuroceridae	Elimia	Elimia interveniens	34.72972	-87.7675			2302025	1	0	0	1213	460	3	2	NT	36.8	-14.5	16.73123287671233	2.94986301369863							
1991	Gastropoda		Pleuroceridae	Elimia	Elimia interveniens	34.806935	-87.698438			2302025	1	0	0	1213	460	3	2	NT	36.3	-7.4	16.83068493150685	4.327671232876712							
1994	Gastropoda		Pleuroceridae	Elimia	Elimia interveniens					2302025	1	0	0	1213	460	3	2	NT											
1998	Gastropoda		Pleuroceridae	Elimia	Elimia interveniens	34.842437	-87.733292			2302025	1	0	0	1213	460	3	2	NT	35.8	-6.6	17.324383561643835	3.705753424657534							
2000	Gastropoda		Pleuroceridae	Elimia	Elimia interveniens	34.631667	-86.866667			2302025	1	0	0	1213	460	3	2	NT	37.9	-9.2	16.449180327868852	2.8836065573770493							
2002	Gastropoda		Pleuroceridae	Elimia	Elimia interveniens	34.955	-87.593333			2302025	1	0	0	1213	460	3	2	NT	35.9	-6.1	16.49041095890411	3.6756164383561645							
