1901	Gastropoda		Pleuroceridae	Elimia	Elimia fusiformis					2302228	0	0	0	1213	179	3	2	EX											
1906	Gastropoda		Pleuroceridae	Elimia	Elimia fusiformis	32.64778	-86.36972			2302228	0	0	0	1213	179	3	2	EX											
1907	Gastropoda		Pleuroceridae	Elimia	Elimia fusiformis	32.64778	-86.36972			2302228	0	0	0	1213	179	3	2	EX											
1913	Gastropoda		Pleuroceridae	Elimia	Elimia fusiformis	32.64778	-86.36972			2302228	0	0	0	1213	179	3	2	EX											
1914	Gastropoda		Pleuroceridae	Elimia	Elimia fusiformis	33.160999	-86.486603			2302228	0	0	0	1213	179	3	2	EX											
1993	Gastropoda		Pleuroceridae	Elimia	Elimia fusiformis	32.633333	-86.3			2302228	0	0	0	1213	179	3	2	EX	37.8	-10.7	18.055890410958906	3.211232876712329							
