1988	Gastropoda	Stylommatophora	Enidae	Ena	Ena monticola					4565990	1	0	0	1213	399	9	1	LC											
1995	Gastropoda	Stylommatophora	Enidae	Ena	Ena monticola	37.633333	21.9			4565990	1	0	0	1213	399	9	1	LC	34.5	-2.0	14.486575342465754	2.337260273972603							
