1992	Cephalopoda	Octopoda	Enteroctopodidae	Enteroctopus	Enteroctopus megalocyathus	-52.349998	-60.73			2289497	2	0	0	366	161	27	4	LC	20.5	-7.0	6.754371584699453	1.3584699453551912							
2002	Cephalopoda	Octopoda	Enteroctopodidae	Enteroctopus	Enteroctopus megalocyathus	-43.991667	-74.012833		220.0	2289497	2	0	0	366	161	27	4	LC	23.5	0.4	10.426027397260274	8.425479452054795							
2003	Cephalopoda	Octopoda	Enteroctopodidae	Enteroctopus	Enteroctopus megalocyathus	-52.57	-58.580002			2289497	2	0	0	366	161	27	4	LC	13.5	-0.6	6.787671232876712	1.9873972602739727							
2008	Cephalopoda	Octopoda	Enteroctopodidae	Enteroctopus	Enteroctopus megalocyathus	-41.860001	-73.82			2289497	2	0	0	366	161	27	4	LC	29.3	1.3	12.088251366120218	5.052185792349727							
2015	Cephalopoda	Octopoda	Enteroctopodidae	Enteroctopus	Enteroctopus megalocyathus	-29.826	-71.32		79.5	2289497	2	0	0	366	161	27	4	LC	26.7	7.6	16.93780821917808	0.48164383561643836							
