1905	Bivalvia	Unionida	Unionidae	Epioblasma	Epioblasma personata					2288242	0	0	0	1213	179	165	3	EX											
1944	Bivalvia	Unionida	Unionidae	Epioblasma	Epioblasma personata	34.7998	-87.6773			2288242	0	0	0	1213	179	165	3	EX	37.8	-4.6	16.31584699453552	3.7153005464480873							
1951	Bivalvia	Unionida	Unionidae	Epioblasma	Epioblasma personata					2288242	0	0	0	1213	179	165	3	EX											
