1937	Gastropoda	Stylommatophora	Xanthonychidae	Eremarionta	Eremarionta immaculata					2296204	1	0	0	1213	399	12	2	VU											
1946	Gastropoda	Stylommatophora	Xanthonychidae	Eremarionta	Eremarionta immaculata	34.03548	-117.39616			2296204	1	0	0	1213	399	12	2	VU	37.3	-1.5	15.96054794520548	1.3391780821917807							
1947	Gastropoda	Stylommatophora	Xanthonychidae	Eremarionta	Eremarionta immaculata	34.02321	-114.48687			2296204	1	0	0	1213	399	12	2	VU	44.8	-0.6	22.151232876712328	0.052054794520547946							
1958	Gastropoda	Stylommatophora	Xanthonychidae	Eremarionta	Eremarionta immaculata			229.0		2296204	1	0	0	1213	399	12	2	VU											
1998	Gastropoda	Stylommatophora	Xanthonychidae	Eremarionta	Eremarionta immaculata	34.0381	-114.4989	290.0		2296204	1	0	0	1213	399	12	2	K	48.1	-0.0	22.286849315068494	0.4293150684931507							
