1895	Bivalvia	Sphaeriida	Sphaeriidae	Eupera	Eupera ferruginea					7612305	41	0	0	1213	44	44	1	LC											
1901	Bivalvia	Sphaeriida	Sphaeriidae	Eupera	Eupera ferruginea	31.215645	29.955266			7612305	41	0	0	1213	44	44	1	LC											
1910	Bivalvia	Sphaeriida	Sphaeriidae	Eupera	Eupera ferruginea					7612305	41	0	0	1213	44	44	1	LC											
1915	Bivalvia	Sphaeriida	Sphaeriidae	Eupera	Eupera ferruginea					7612305	41	0	0	1213	44	44	1	LC											
1934	Bivalvia	Sphaeriida	Sphaeriidae	Eupera	Eupera ferruginea					7612305	41	0	0	1213	44	44	1	LC											
1964	Bivalvia	Sphaeriida	Sphaeriidae	Eupera	Eupera ferruginea	-29.99	30.92			7612305	41	0	0	1213	44	44	1	LC	33.4	8.9	20.22978142076503	2.51448087431694							
1980	Bivalvia	Sphaeriida	Sphaeriidae	Eupera	Eupera ferruginea	-13.5	34.0			7612305	41	0	0	1213	44	44	1	LC	31.1	8.9	19.424316939890712	2.6256830601092895							
1990	Bivalvia	Sphaeriida	Sphaeriidae	Eupera	Eupera ferruginea	-25.16	32.0			7612305	41	0	0	1213	44	44	1	LC	41.0	9.6	22.773972602739725	1.2747945205479452							
