1936	Gastropoda	Littorinimorpha	Assimineidae	Fijianella	Fijianella laddi					9090342	1	0	0	1213	88	6	393	VU											
2003	Gastropoda	Littorinimorpha	Assimineidae	Fijianella	Fijianella laddi	-18.0001	-179.0331			9090342	1	0	0	1213	88	6	393	VU	28.7	20.4	25.181643835616438	4.532602739726028							
