1933	Gastropoda	Littorinimorpha	Hydrobiidae	Floridobia	Floridobia vanhyningi					5784387	1	0	0	1213	88	25	2	VU											
1934	Gastropoda	Littorinimorpha	Hydrobiidae	Floridobia	Floridobia vanhyningi					5784387	1	0	0	1213	88	25	2	VU											
1949	Gastropoda	Littorinimorpha	Hydrobiidae	Floridobia	Floridobia vanhyningi	30.212414	-84.177658			2300189	1	0	0	1213	88	25	2	VU	35.9	-0.1	20.523287671232875	2.786849315068493							
1963	Gastropoda	Littorinimorpha	Hydrobiidae	Floridobia	Floridobia vanhyningi					5784387	1	0	0	1213	88	25	2	VU											
1964	Gastropoda	Littorinimorpha	Hydrobiidae	Floridobia	Floridobia vanhyningi	28.8437	-81.522672			2300189	1	0	0	1213	88	25	2	VU	35.4	-2.3	21.461475409836066	3.203825136612022							
1997	Gastropoda	Littorinimorpha	Hydrobiidae	Floridobia	Floridobia vanhyningi	28.85	-81.5166			2300189	1	0	0	1213	88	25	2	I	35.2	0.5	21.889589041095892	3.212328767123288							
2000	Gastropoda	Littorinimorpha	Hydrobiidae	Floridobia	Floridobia vanhyningi	28.845	-81.521667			5784387	1	0	0	1213	88	25	2	I	35.8	-1.1	21.527049180327868	1.7404371584699454							
