1887	Gastropoda	Littorinimorpha	Tateidae	Fluvidona	Fluvidona anodonta	-27.283	153.066			4608895	1	0	0	1213	88	6	7	VU											
1982	Gastropoda	Littorinimorpha	Tateidae	Fluvidona	Fluvidona anodonta	-27.12499	152.74166			4608895	1	0	0	1213	88	6	7	VU	38.7	3.9	18.85890410958904	1.9791780821917808							
