1912	Gastropoda	Littorinimorpha	Tateidae	Fluviopupa	Fluviopupa gracilis	-31.59805	159.07138			4608744	1	0	0	1213	88	6	3	LR/nt											
1956	Gastropoda	Littorinimorpha	Tateidae	Fluviopupa	Fluviopupa gracilis	-31.52104	159.0573			4608744	1	0	0	1213	88	6	3	LR/nt	24.7	12.5	19.381967213114756	4.324863387978142							
1978	Gastropoda	Littorinimorpha	Tateidae	Fluviopupa	Fluviopupa gracilis	-31.57527	159.07804			4608744	1	0	0	1213	88	6	3	LR/nt	23.4	10.1	17.995342465753424	3.9536986301369863							
1979	Gastropoda	Littorinimorpha	Tateidae	Fluviopupa	Fluviopupa gracilis	-31.59194	159.0761			4608744	1	0	0	1213	88	6	3	LR/nt	25.0	12.7	19.265205479452053	3.1016438356164384							
1985	Gastropoda	Littorinimorpha	Tateidae	Fluviopupa	Fluviopupa gracilis					4608744	1	0	0	1213	88	6	3	LR/nt											
