1974	Gastropoda	Littorinimorpha	Tateidae	Fonscochlea	Fonscochlea zeidleri					4608888	1	0	0	1213	88	6	13	LR/nt											
1978	Gastropoda	Littorinimorpha	Tateidae	Fonscochlea	Fonscochlea zeidleri	-29.45	136.85			4608888	1	0	0	1213	88	6	13	LR/nt	41.5	2.8	20.01287671232877	0.4832876712328767							
1981	Gastropoda	Littorinimorpha	Tateidae	Fonscochlea	Fonscochlea zeidleri	-29.45583	136.85944			4608888	1	0	0	1213	88	6	13	LR/nt	44.5	3.2	20.800821917808218	1.0383561643835617							
1983	Gastropoda	Littorinimorpha	Tateidae	Fonscochlea	Fonscochlea zeidleri	-29.35583	136.77138			4608888	1	0	0	1213	88	6	13	LR/nt	44.5	0.6	21.066575342465754	0.42547945205479454							
1985	Gastropoda	Littorinimorpha	Tateidae	Fonscochlea	Fonscochlea zeidleri	-29.166	136.55			4608888	1	0	0	1213	88	6	13	LR/nt	43.4	0.9	20.213150684931506	0.24082191780821918							
1989	Gastropoda	Littorinimorpha	Tateidae	Fonscochlea	Fonscochlea zeidleri	-29.6792	137.83			4608888	1	0	0	1213	88	6	13	LR/nt	42.0	0.2	19.60109589041096	1.2923287671232877							
1990	Gastropoda	Littorinimorpha	Tateidae	Fonscochlea	Fonscochlea zeidleri	-29.28777	136.75472			4608888	1	0	0	1213	88	6	13	LR/nt	45.6	2.9	21.30849315068493	0.3750684931506849							
