1957	Gastropoda	Littorinimorpha	Bithyniidae	Gabbiella	Gabbiella kisalensis	-11.35	28.459999			5784145	7	0	0	1213	88	3	1	LC	35.5	10.6	22.021643835616437	5.1							
1958	Gastropoda	Littorinimorpha	Bithyniidae	Gabbiella	Gabbiella kisalensis	-11.43	29.26			5784145	7	0	0	1213	88	3	1	LC	33.5	9.5	21.418082191780822	3.9476712328767123							
1959	Gastropoda	Littorinimorpha	Bithyniidae	Gabbiella	Gabbiella kisalensis	-16.030001	28.85			5784145	7	0	0	1213	88	3	1	LC	40.5	11.9	24.35287671232877	2.129041095890411							
1961	Gastropoda	Littorinimorpha	Bithyniidae	Gabbiella	Gabbiella kisalensis					5784145	7	0	0	1213	88	3	1	LC											
1966	Gastropoda	Littorinimorpha	Bithyniidae	Gabbiella	Gabbiella kisalensis	-11.66	27.459999			5784145	7	0	0	1213	88	3	1	LC	34.8	7.8	21.995342465753424	2.830684931506849							
1978	Gastropoda	Littorinimorpha	Bithyniidae	Gabbiella	Gabbiella kisalensis	-11.6	29.73			5784145	7	0	0	1213	88	3	1	LC	32.8	11.7	21.621369863013697	5.537534246575342							
1990	Gastropoda	Littorinimorpha	Bithyniidae	Gabbiella	Gabbiella kisalensis	-25.14	30.66			5784145	7	0	0	1213	88	3	1	LC	32.1	0.2	15.193424657534246	2.0235616438356163							
