1966	Gastropoda	Littorinimorpha	Bithyniidae	Gabbiella	Gabbiella spiralis					5784140	1	0	0	1213	88	3	1	EN											
1970	Gastropoda	Littorinimorpha	Bithyniidae	Gabbiella	Gabbiella spiralis	-4.31	15.25			5784140	1	0	0	1213	88	3	1	EN	33.1	16.7	24.88082191780822	2.916164383561644							
1974	Gastropoda	Littorinimorpha	Bithyniidae	Gabbiella	Gabbiella spiralis	-4.32	15.31			5784140	1	0	0	1213	88	3	1	EN	33.2	15.6	24.62904109589041	2.7243835616438354							
