1880	Bivalvia	Cardiida	Donacidae	Galatea	Galatea bernardii					6527120	4	0	0	1213	4	39	7	LC											
2003	Bivalvia	Cardiida	Donacidae	Galatea	Galatea bernardii					5782050	4	0	0	1213	4	39	7	LC											
2005	Bivalvia	Cardiida	Donacidae	Galatea	Galatea bernardii	-1.0	11.75			5782050	4	0	0	1213	4	39	7	LC	32.0	17.7	23.012054794520548	4.6756164383561645							
