1957	Cephalopoda	Oegopsida	Cranchiidae	Galiteuthis	Galiteuthis pacifica					2289995	3	0	0	366	138	18	4	LC											
1970	Cephalopoda	Oegopsida	Cranchiidae	Galiteuthis	Galiteuthis pacifica	41.35	7.12		500.0	2289995	3	0	0	366	138	18	4	LC	25.2	6.0	16.57123287671233	1.0076712328767123							
1974	Cephalopoda	Oegopsida	Cranchiidae	Galiteuthis	Galiteuthis pacifica	21.42	-158.42		450.0	2289995	3	0	0	366	138	18	4	LC	27.8	20.6	24.322191780821917	1.027945205479452							
1996	Cephalopoda	Oegopsida	Cranchiidae	Galiteuthis	Galiteuthis pacifica	21.3333	-158.3333		863.5	2289995	3	0	0	366	138	18	4	LC	31.7	17.4	24.64071038251366	2.00327868852459							
1997	Cephalopoda	Oegopsida	Cranchiidae	Galiteuthis	Galiteuthis pacifica	38.471667	142.233333		701.0	2289995	3	0	0	366	138	18	4	LC	25.4	-1.2	12.43013698630137	3.4084931506849316							
2005	Cephalopoda	Oegopsida	Cranchiidae	Galiteuthis	Galiteuthis pacifica	27.988333	127.581389		1573.0	2289995	3	0	0	366	138	18	4	LC	29.4	7.9	21.99205479452055	6.1657534246575345							
2007	Cephalopoda	Oegopsida	Cranchiidae	Galiteuthis	Galiteuthis pacifica	38.386667	142.178333		656.0	2289995	3	0	0	366	138	18	4	LC	27.0	1.2	13.321369863013699	2.921095890410959							
2010	Cephalopoda	Oegopsida	Cranchiidae	Galiteuthis	Galiteuthis pacifica	32.63611	-117.65875		300.0	2289995	3	0	0	366	138	18	4	LC	21.4	10.5	15.69095890410959	1.007945205479452							
2012	Cephalopoda	Oegopsida	Cranchiidae	Galiteuthis	Galiteuthis pacifica	19.5433	-156.369		750.0	2289995	3	0	0	366	138	18	4	LC	25.8	20.8	23.416666666666668	1.4816939890710383							
