1928	Gastropoda	Littorinimorpha	Hydrobiidae	Ginaia	Ginaia munda					4561214	2	0	0	1213	88	25	21	VU											
1950	Gastropoda	Littorinimorpha	Hydrobiidae	Ginaia	Ginaia munda					4561214	2	0	0	1213	88	25	21	VU											
1953	Gastropoda	Littorinimorpha	Hydrobiidae	Ginaia	Ginaia munda	41.0309	20.7119		22.5	4561214	2	0	0	1213	88	25	21	VU	32.2	-10.8	11.254794520547945	1.6317808219178083							
