1868	Gastropoda	Stylommatophora	Camaenidae	Glyptorhagada	Glyptorhagada silveri	-32.516	140.033			2294503	1	0	0	1213	399	15	393	EN											
1912	Gastropoda	Stylommatophora	Camaenidae	Glyptorhagada	Glyptorhagada silveri	-32.51083	140.0486			2294503	1	0	0	1213	399	15	393	EN											
1914	Gastropoda	Stylommatophora	Camaenidae	Glyptorhagada	Glyptorhagada silveri	-32.54638	138.62304			2294503	1	0	0	1213	399	15	393	EN											
1928	Gastropoda	Stylommatophora	Camaenidae	Glyptorhagada	Glyptorhagada silveri	-32.5	140.05			2294503	1	0	0	1213	399	15	393	EN											
1939	Gastropoda	Stylommatophora	Camaenidae	Glyptorhagada	Glyptorhagada silveri	-32.983	138.833			2294503	1	0	0	1213	399	15	393	EN											
1981	Gastropoda	Stylommatophora	Camaenidae	Glyptorhagada	Glyptorhagada silveri	-32.5247	138.5369			2294503	1	0	0	1213	399	15	393	EN	40.0	-0.5	15.818356164383562	0.8235616438356165							
1982	Gastropoda	Stylommatophora	Camaenidae	Glyptorhagada	Glyptorhagada silveri	-32.5166	140.0333			2294503	1	0	0	1213	399	15	393	EN	41.6	-1.3	16.673698630136986	0.22493150684931507							
1992	Gastropoda	Stylommatophora	Camaenidae	Glyptorhagada	Glyptorhagada silveri	-32.5166	140.05			2294503	1	0	0	1213	399	15	393	EN	39.2	0.6	15.609016393442623	1.209016393442623							
1994	Gastropoda	Stylommatophora	Camaenidae	Glyptorhagada	Glyptorhagada silveri	-32.52443	140.03805			2294503	1	0	0	1213	399	15	393	EN	40.3	-0.1	15.733424657534247	0.32958904109589043							
