1963	Cephalopoda	Oegopsida	Gonatidae	Gonatopsis	Gonatopsis makko					2290047	3	0	0	366	138	14	3	LC											
1978	Cephalopoda	Oegopsida	Gonatidae	Gonatopsis	Gonatopsis makko	45.233333	139.533333		980.0	2290047	3	0	0	366	138	14	3	LC	23.4	-12.2	6.301369863013699	2.852054794520548							
1979	Cephalopoda	Oegopsida	Gonatidae	Gonatopsis	Gonatopsis makko	44.966667	144.383333			2290047	3	0	0	366	138	14	3	LC	21.3	-14.1	4.8432876712328765	2.9167123287671233							
2000	Cephalopoda	Oegopsida	Gonatidae	Gonatopsis	Gonatopsis makko	40.386667	142.400833		911.0	2290047	3	0	0	366	138	14	3	LC	24.8	-4.6	10.480054644808742	3.6666666666666665							
