1928	Gastropoda	Architaenioglossa	Neocyclotidae	Gonatorhaphe	Gonatorhaphe stricta	-17.25	179.4			10858965	1	0	0	1213	63	8	7	EN											
1988	Gastropoda	Architaenioglossa	Neocyclotidae	Gonatorhaphe	Gonatorhaphe stricta	-18.5044	177.6125			10858965	1	0	0	1213	63	8	7	EN	29.9	19.5	25.471311475409838	4.646994535519125							
