1863	Gastropoda	Stylommatophora	Streptaxidae	Gonospira	Gonospira bourguignati	-21.13317	55.53241			9163773	1	0	0	1213	399	1	2	LR/nt											
2007	Gastropoda	Stylommatophora	Streptaxidae	Gonospira	Gonospira bourguignati	-21.34108	55.72216			5783382	1	0	0	1213	399	1	2	V	25.7	10.8	18.236986301369864	6.101095890410959							
