1906	Gastropoda	Littorinimorpha	Hydrobiidae	Graziana	Graziana lacheineri	44.235	17.7111			4560087	5	0	0	1213	88	25	1	LC											
1972	Gastropoda	Littorinimorpha	Hydrobiidae	Graziana	Graziana lacheineri					4560087	5	0	0	1213	88	25	1	LC											
1981	Gastropoda	Littorinimorpha	Hydrobiidae	Graziana	Graziana lacheineri					4560087	5	0	0	1213	88	25	1	LC											
1982	Gastropoda	Littorinimorpha	Hydrobiidae	Graziana	Graziana lacheineri	46.6275	13.688889			4560087	5	0	0	1213	88	25	1	LC	25.1	-20.8	5.965479452054795	2.9832876712328766							
1995	Gastropoda	Littorinimorpha	Hydrobiidae	Graziana	Graziana lacheineri	46.78	14.44			4560087	5	0	0	1213	88	25	1	LC	28.3	-20.4	7.829589041095891	3.1506849315068495							
