1963	Gastropoda		Planorbidae	Gyraulus	Gyraulus siamensis					8120117	5	0	0	1213	399	15	4	LC											
1967	Gastropoda		Planorbidae	Gyraulus	Gyraulus siamensis					8120117	5	0	0	1213	399	15	4	LC											
1968	Gastropoda		Planorbidae	Gyraulus	Gyraulus siamensis	18.578056	102.638333			8120117	5	0	0	1213	399	15	4	LC	36.4	13.5	25.184426229508198	6.06311475409836							
1970	Gastropoda		Planorbidae	Gyraulus	Gyraulus siamensis	12.966667	99.583333			8120117	5	0	0	1213	399	15	4	LC	37.5	15.0	25.607123287671232	3.5876712328767124							
