1965	Gastropoda		Planorbidae	Gyraulus	Gyraulus connollyi					5784730	2	0	0	1213	399	15	4	LC											
1994	Gastropoda		Planorbidae	Gyraulus	Gyraulus connollyi	-29.32	29.61			5784730	2	0	0	1213	399	15	4	LC	26.9	-10.6	11.046301369863015	4.606301369863013							
1995	Gastropoda		Planorbidae	Gyraulus	Gyraulus connollyi	-29.39	29.81			5784730	2	0	0	1213	399	15	4	LC	32.4	-2.8	13.341369863013698	4.12958904109589							
1996	Gastropoda		Planorbidae	Gyraulus	Gyraulus connollyi					5784730	2	0	0	1213	399	15	4	LC											
2003	Gastropoda		Planorbidae	Gyraulus	Gyraulus connollyi	-29.575	30.603333			5784730	2	0	0	1213	399	15	4	LC	37.2	2.9	19.14054794520548	1.764931506849315							
2014	Gastropoda		Planorbidae	Gyraulus	Gyraulus connollyi	-4.396944	29.764444			5784730	2	0	0	1213	399	15	4	LC	28.0	13.0	19.16904109589041	3.4038356164383563							
