1929	Gastropoda		Planorbidae	Gyraulus	Gyraulus corinna					4606267	1	0	0	1213	460	15	4	LC											
1955	Gastropoda		Planorbidae	Gyraulus	Gyraulus corinna	-35.0	173.333			4606267	1	0	0	1213	460	15	4	LC	28.8	4.3	16.957534246575342	3.523835616438356							
1957	Gastropoda		Planorbidae	Gyraulus	Gyraulus corinna	-36.5	174.917			4606267	1	0	0	1213	460	15	4	LC	26.2	4.5	15.661917808219178	2.344657534246575							
1962	Gastropoda		Planorbidae	Gyraulus	Gyraulus corinna	-36.77994	174.76641			4606267	1	0	0	1213	460	15	4	LC	26.5	3.5	15.57013698630137	4.005479452054795							
1969	Gastropoda		Planorbidae	Gyraulus	Gyraulus corinna	-35.958	173.85521			4606267	1	0	0	1213	460	15	4	LC	24.6	3.1	14.887397260273973	2.5736986301369864							
2003	Gastropoda		Planorbidae	Gyraulus	Gyraulus corinna	-39.20611	174.33054			4606267	1	0	0	1213	460	15	4	LC	25.6	-1.7	12.245479452054795	3.786027397260274							
2004	Gastropoda		Planorbidae	Gyraulus	Gyraulus corinna	-44.27443	169.85138			4606267	1	0	0	1213	460	15	4	LC	25.8	-9.0	7.308743169398907	3.614207650273224							
2009	Gastropoda		Planorbidae	Gyraulus	Gyraulus corinna	-44.678653	169.124583			4606267	1	0	0	1213	460	15	4	LC	24.3	-6.2	8.636712328767123	3.0087671232876714							
2014	Gastropoda		Planorbidae	Gyraulus	Gyraulus corinna	-44.678653	169.124583			4606267	1	0	0	1213	460	15	4	LC	26.6	-4.3	9.313150684931507	3.238904109589041							
