1905	Gastropoda		Pleuroceridae	Gyrotoma	Gyrotoma walkeri	32.64778	-86.36972			2301959	0	0	0	1213	399	3	2	EX											
1906	Gastropoda		Pleuroceridae	Gyrotoma	Gyrotoma walkeri	33.02222	-86.52083			2301959	0	0	0	1213	399	3	2	EX											
1913	Gastropoda		Pleuroceridae	Gyrotoma	Gyrotoma walkeri					2301959	0	0	0	1213	399	3	2	EX											
1914	Gastropoda		Pleuroceridae	Gyrotoma	Gyrotoma walkeri	32.64778	-86.36972			2301959	0	0	0	1213	399	3	2	EX											
