1913	Gastropoda		Pleuroceridae	Gyrotoma	Gyrotoma lewisii					2301962	0	0	0	1213	138	3	1	EX											
1914	Gastropoda		Pleuroceridae	Gyrotoma	Gyrotoma lewisii	32.64778	-86.36972			2301962	0	0	0	1213	138	3	1	EX											
1957	Gastropoda		Pleuroceridae	Gyrotoma	Gyrotoma lewisii	33.5471	-86.1891			2301962	0	0	0	1213	138	3	1	EX	36.0	-6.6	17.504657534246576	4.0758904109589045							
1960	Gastropoda		Pleuroceridae	Gyrotoma	Gyrotoma lewisii	33.448	-86.3314			2301962	0	0	0	1213	138	3	1	EX	36.3	-6.9	16.574590163934428	3.0325136612021857							
