1882	Gastropoda		Pleuroceridae	Gyrotoma	Gyrotoma pumila	32.5436	-86.2022			2301963	0	0	0	1213	49	3	2	EX											
1901	Gastropoda		Pleuroceridae	Gyrotoma	Gyrotoma pumila	32.64778	-86.36972			2301963	0	0	0	1213	49	3	2	EX											
1913	Gastropoda		Pleuroceridae	Gyrotoma	Gyrotoma pumila	32.64778	-86.36972			2301963	0	0	0	1213	49	3	2	EX											
1963	Gastropoda		Pleuroceridae	Gyrotoma	Gyrotoma pumila					2301963	0	0	0	1213	49	3	2	EX											
2000	Gastropoda		Pleuroceridae	Gyrotoma	Gyrotoma pumila	32.616305	-86.211913			2301963	0	0	0	1213	49	3	2	CR	38.5	-6.3	18.22814207650273	2.2934426229508196							
