1926	Gastropoda	Lepetellida	Haliotidae	Haliotis	Haliotis melculus	-26.816	153.166			6515898	1	0	0	1213	65	38	38	VU											
1930	Gastropoda	Lepetellida	Haliotidae	Haliotis	Haliotis melculus	-26.683333	153.133333			6515898	1	0	0	1213	65	38	38	VU											
1959	Gastropoda	Lepetellida	Haliotidae	Haliotis	Haliotis melculus					6515898	1	0	0	1213	65	38	38	VU											
1962	Gastropoda	Lepetellida	Haliotidae	Haliotis	Haliotis melculus					6515898	1	0	0	1213	65	38	38	VU											
1970	Gastropoda	Lepetellida	Haliotidae	Haliotis	Haliotis melculus	-23.166667	150.95			6515898	1	0	0	1213	65	38	38	VU	31.7	11.1	22.396438356164385	1.8717808219178083							
2009	Gastropoda	Lepetellida	Haliotidae	Haliotis	Haliotis melculus	-23.47315	151.950467			6515898	1	0	0	1213	65	38	38	VU	28.3	14.9	23.07890410958904	2.6545205479452054							
