1909	Gastropoda	Architaenioglossa	Pupinidae	Hedleya	Hedleya macleayi	-17.15	145.53			11037833	1	0	0	1213	63	1	1	VU											
1980	Gastropoda	Architaenioglossa	Pupinidae	Hedleya	Hedleya macleayi	-23.21666	150.41666			11037833	1	0	0	1213	63	1	1	VU	38.0	7.1	22.593715846994535	2.0071038251366122							
1988	Gastropoda	Architaenioglossa	Pupinidae	Hedleya	Hedleya macleayi	-16.483	145.35			11037833	1	0	0	1213	63	1	1	VU	35.4	15.3	23.746721311475408	2.079234972677596							
2003	Gastropoda	Architaenioglossa	Pupinidae	Hedleya	Hedleya macleayi	-16.35	145.416667			11037833	1	0	0	1213	63	1	1	R	33.6	16.6	23.715890410958902	2.464931506849315							
2016	Gastropoda	Architaenioglossa	Pupinidae	Hedleya	Hedleya macleayi	-16.466	145.333			11037833	1	0	0	1213	63	1	1	R	34.2	13.9	22.96639344262295	2.251912568306011							
