1966	Gastropoda	Stylommatophora	Geomitridae	Helicopsis	Helicopsis austriaca					10152438	1	0	0	1213	399	26	7	NT											
1978	Gastropoda	Stylommatophora	Geomitridae	Helicopsis	Helicopsis austriaca	47.72	16.03			10152438	1	0	0	1213	399	26	7	NT	25.9	-21.6	7.553698630136986	1.9421917808219178							
1982	Gastropoda	Stylommatophora	Geomitridae	Helicopsis	Helicopsis austriaca	47.78	16.27			10152438	1	0	0	1213	399	26	7	NT	31.1	-18.9	9.681917808219177	1.6728767123287671							
