1935	Gastropoda	Stylommatophora	Helicidae	Helix	Helix philibinensis					8749833	4	0	0	1213	399	50	10	LC											
1943	Gastropoda	Stylommatophora	Helicidae	Helix	Helix philibinensis	40.6859	24.647			8749833	4	0	0	1213	399	50	10	LC	27.8	-9.5	11.435342465753426	1.4868493150684932							
1984	Gastropoda	Stylommatophora	Helicidae	Helix	Helix philibinensis					8749833	4	0	0	1213	399	50	10	LC											
1986	Gastropoda	Stylommatophora	Helicidae	Helix	Helix philibinensis					8749833	4	0	0	1213	399	50	10	LC											
1989	Gastropoda	Stylommatophora	Helicidae	Helix	Helix philibinensis					8749833	4	0	0	1213	399	50	10	LC											
2006	Gastropoda	Stylommatophora	Helicidae	Helix	Helix philibinensis	41.450001	23.450001			8749833	4	0	0	1213	399	50	10	LC	36.1	-9.7	13.681917808219177	1.9186301369863015							
2013	Gastropoda	Stylommatophora	Helicidae	Helix	Helix philibinensis	41.009998	24.280001	80.0		8749833	4	0	0	1213	399	50	10	LC	33.2	-1.9	15.857808219178082	1.923013698630137							
2016	Gastropoda	Stylommatophora	Helicidae	Helix	Helix philibinensis					8749833	4	0	0	1213	399	50	10	LC											
