1979	Gastropoda	Stylommatophora	Helicidae	Helix	Helix valentini					9041363	2	0	0	1213	399	50	10	EN											
1994	Gastropoda	Stylommatophora	Helicidae	Helix	Helix valentini					9041363	2	0	0	1213	399	50	10	EN											
2006	Gastropoda	Stylommatophora	Helicidae	Helix	Helix valentini	36.549999	29.450001			9041363	2	0	0	1213	399	50	10	EN	35.9	-5.1	14.053424657534247	1.841095890410959							
