1934	Gastropoda	Stylommatophora	Helicidae	Helix	Helix nucula	36.400002	28.200001			9314355	2	0	0	1213	399	50	10	LC											
1958	Gastropoda	Stylommatophora	Helicidae	Helix	Helix nucula					9314355	2	0	0	1213	399	50	10	LC											
1964	Gastropoda	Stylommatophora	Helicidae	Helix	Helix nucula	36.970001	30.85			9314355	2	0	0	1213	399	50	10	LC	40.1	-3.2	17.38415300546448	1.6297814207650274							
1987	Gastropoda	Stylommatophora	Helicidae	Helix	Helix nucula	36.257	29.977			9314355	2	0	0	1213	399	50	10	LC	38.5	0.3	18.003835616438355	1.8142465753424657							
1997	Gastropoda	Stylommatophora	Helicidae	Helix	Helix nucula	36.299999	30.129999			9314355	2	0	0	1213	399	50	10	LC	36.5	-1.7	16.284109589041094	1.9813698630136987							
2006	Gastropoda	Stylommatophora	Helicidae	Helix	Helix nucula	36.549999	29.450001			9314355	2	0	0	1213	399	50	10	LC	35.9	-5.1	14.053424657534247	1.841095890410959							
2008	Gastropoda	Stylommatophora	Helicidae	Helix	Helix nucula	35.3704	24.52			9314355	2	0	0	1213	399	50	10	LC	35.1	2.7	20.31174863387978	1.2688524590163934							
2011	Gastropoda	Stylommatophora	Helicidae	Helix	Helix nucula	34.98	34.0			9314355	2	0	0	1213	399	50	10	LC	33.3	7.3	20.596986301369864	0.7871232876712329							
2012	Gastropoda	Stylommatophora	Helicidae	Helix	Helix nucula	34.849998	33.34			9314355	2	0	0	1213	399	50	10	LC	37.0	1.8	19.50901639344262	1.2013661202185792							
