1984	Gastropoda	Stylommatophora	Helicidae	Hemicycla	Hemicycla saponacea					4564162	1	0	0	1213	399	50	2	NT											
1988	Gastropoda	Stylommatophora	Helicidae	Hemicycla	Hemicycla saponacea	27.8377	-15.614			4564162	1	0	0	1213	399	50	2	NT	34.2	8.4	18.37513661202186	0.5762295081967214							
2006	Gastropoda	Stylommatophora	Helicidae	Hemicycla	Hemicycla saponacea					4564162	1	0	0	1213	399	50	2	NT											
2009	Gastropoda	Stylommatophora	Helicidae	Hemicycla	Hemicycla saponacea	27.809999	-15.61			4564162	1	0	0	1213	399	50	2	NT	36.6	11.3	19.521643835616437	0.4043835616438356							
