1908	Gastropoda	Stylommatophora	Helicidae	Hemicycla	Hemicycla eurythyra					4564125	1	0	0	1213	399	50	2	VU											
2013	Gastropoda	Stylommatophora	Helicidae	Hemicycla	Hemicycla eurythyra	40.0	-4.0			4564125	1	0	0	1213	399	50	2	VU	38.4	-3.8	14.765479452054795	1.1394520547945206							
