1889	Gastropoda	Littorinimorpha	Tateidae	Hemistomia	Hemistomia flexicolumella	-31.58027	159.07749			4608782	1	0	0	1213	88	6	2	VU											
1914	Gastropoda	Littorinimorpha	Tateidae	Hemistomia	Hemistomia flexicolumella	-31.5886	159.06611			4608782	1	0	0	1213	88	6	2	VU											
1971	Gastropoda	Littorinimorpha	Tateidae	Hemistomia	Hemistomia flexicolumella	-31.5786	159.0786			4608782	1	0	0	1213	88	6	2	VU	24.2	10.2	18.096438356164384	4.567671232876712							
1978	Gastropoda	Littorinimorpha	Tateidae	Hemistomia	Hemistomia flexicolumella	-31.5736	159.07499			4608782	1	0	0	1213	88	6	2	VU	23.3	10.1	17.943287671232877	3.9536986301369863							
1979	Gastropoda	Littorinimorpha	Tateidae	Hemistomia	Hemistomia flexicolumella	-31.57554	159.07749			4608782	1	0	0	1213	88	6	2	VU	23.9	11.6	18.164383561643834	3.1016438356164384							
1988	Gastropoda	Littorinimorpha	Tateidae	Hemistomia	Hemistomia flexicolumella	-31.57661	159.07968			4608782	1	0	0	1213	88	6	2	VU	22.9	11.9	18.55655737704918	2.83879781420765							
2018	Gastropoda	Littorinimorpha	Tateidae	Hemistomia	Hemistomia flexicolumella	-31.58441	159.06916			4608782	1	0	0	1213	88	6	2	V	25.3	13.1	19.966575342465752	2.081095890410959							
2019	Gastropoda	Littorinimorpha	Tateidae	Hemistomia	Hemistomia flexicolumella	-31.57693	159.07888			4608782	1	0	0	1213	88	6	2	V	24.3	12.2	19.027123287671234	1.8394520547945206							
