1912	Gastropoda	Littorinimorpha	Tateidae	Hemistomia	Hemistomia pusillior	-31.58805	159.07332			4608783	1	0	0	1213	88	6	1	EN											
1914	Gastropoda	Littorinimorpha	Tateidae	Hemistomia	Hemistomia pusillior	-31.5886	159.06611			4608783	1	0	0	1213	88	6	1	EN											
1978	Gastropoda	Littorinimorpha	Tateidae	Hemistomia	Hemistomia pusillior	-31.55416	159.08082			4608783	1	0	0	1213	88	6	1	EN	24.6	11.3	19.195616438356165	3.9536986301369863							
1988	Gastropoda	Littorinimorpha	Tateidae	Hemistomia	Hemistomia pusillior					4608783	1	0	0	1213	88	6	1	EN											
2001	Gastropoda	Littorinimorpha	Tateidae	Hemistomia	Hemistomia pusillior	-31.5836	159.07638			4608783	1	0	0	1213	88	6	1	V	23.2	11.7	17.99945205479452	3.6745205479452054							
2002	Gastropoda	Littorinimorpha	Tateidae	Hemistomia	Hemistomia pusillior	-31.58721	159.06888			4608783	1	0	0	1213	88	6	1	V	24.5	13.8	19.602465753424656	2.570958904109589							
