1930	Gastropoda	Stylommatophora	Helicidae	Hemicycla	Hemicycla glasiana					4564126	1	0	0	1213	399	50	2	LC											
1977	Gastropoda	Stylommatophora	Helicidae	Hemicycla	Hemicycla glasiana					4564126	1	0	0	1213	399	50	2	LC											
1984	Gastropoda	Stylommatophora	Helicidae	Hemicycla	Hemicycla glasiana					4564126	1	0	0	1213	399	50	2	LC											
1988	Gastropoda	Stylommatophora	Helicidae	Hemicycla	Hemicycla glasiana	28.1631	-15.4366			4564126	1	0	0	1213	399	50	2	LC	32.4	10.5	19.863387978142075	0.47978142076502733							
2000	Gastropoda	Stylommatophora	Helicidae	Hemicycla	Hemicycla glasiana					4564126	1	0	0	1213	399	50	2	LC											
2006	Gastropoda	Stylommatophora	Helicidae	Hemicycla	Hemicycla glasiana	28.109008	-15.572311			4564126	1	0	0	1213	399	50	2	LC	31.4	10.9	19.114246575342467	0.7652054794520547							
2011	Gastropoda	Stylommatophora	Helicidae	Hemicycla	Hemicycla glasiana	27.8692	-15.3939			4564126	1	0	0	1213	399	50	2	LC	31.7	11.7	19.107123287671232	0.30904109589041096							
