1908	Gastropoda	Littorinimorpha	Tateidae	Hemistomia	Hemistomia minutissima	-31.57721	159.07554			4608786	1	0	0	1213	88	6	13	LC											
1978	Gastropoda	Littorinimorpha	Tateidae	Hemistomia	Hemistomia minutissima	-31.57527	159.07804			4608786	1	0	0	1213	88	6	13	LC	23.4	10.1	17.995342465753424	3.9536986301369863							
1979	Gastropoda	Littorinimorpha	Tateidae	Hemistomia	Hemistomia minutissima	-31.57721	159.07916			4608786	1	0	0	1213	88	6	13	LC	23.8	11.6	18.11808219178082	3.1016438356164384							
