1919	Gastropoda	Stylommatophora	Clausiliidae	Herilla	Herilla bosniensis	48.066667	16.383333			10957874	4	0	0	1213	399	39	3	LC											
1956	Gastropoda	Stylommatophora	Clausiliidae	Herilla	Herilla bosniensis	44.89	15.59			9166507	4	0	0	1213	399	39	3	LC	31.9	-25.0	6.778415300546448	3.2797814207650275							
1959	Gastropoda	Stylommatophora	Clausiliidae	Herilla	Herilla bosniensis					9166507	4	0	0	1213	399	39	3	LC											
1964	Gastropoda	Stylommatophora	Clausiliidae	Herilla	Herilla bosniensis	48.07	16.23			9166507	4	0	0	1213	399	39	3	LC	30.6	-19.5	8.151912568306011	2.251366120218579							
