1967	Gastropoda	Littorinimorpha	Pomatiopsidae	Hubendickia	Hubendickia polita					4608682	2	0	0	1213	88	2	13	NT											
1969	Gastropoda	Littorinimorpha	Pomatiopsidae	Hubendickia	Hubendickia polita	15.316667	105.516667			4608682	2	0	0	1213	88	2	13	NT	37.2	15.0	26.52849315068493	4.462465753424658							
1970	Gastropoda	Littorinimorpha	Pomatiopsidae	Hubendickia	Hubendickia polita					4608682	2	0	0	1213	88	2	13	NT											
1972	Gastropoda	Littorinimorpha	Pomatiopsidae	Hubendickia	Hubendickia polita	15.120221	105.798979			4608682	2	0	0	1213	88	2	13	NT	35.6	12.4	25.2551912568306	7.518032786885246							
