1963	Gastropoda	Littorinimorpha	Pomatiopsidae	Hubendickia	Hubendickia pellucida	13.57	105.56			7530983	1	0	0	1213	88	2	5	VU	37.0	12.6	25.746301369863012	4.606575342465754							
1968	Gastropoda	Littorinimorpha	Pomatiopsidae	Hubendickia	Hubendickia pellucida	14.117256	105.853215			7530983	1	0	0	1213	88	2	5	VU	38.1	15.7	26.560382513661203	4.223497267759563							
1969	Gastropoda	Littorinimorpha	Pomatiopsidae	Hubendickia	Hubendickia pellucida	13.967452	105.929813			7530983	1	0	0	1213	88	2	5	VU	37.5	15.5	26.90986301369863	4.595342465753425							
1972	Gastropoda	Littorinimorpha	Pomatiopsidae	Hubendickia	Hubendickia pellucida					7530983	1	0	0	1213	88	2	5	VU											
1973	Gastropoda	Littorinimorpha	Pomatiopsidae	Hubendickia	Hubendickia pellucida					7530983	1	0	0	1213	88	2	5	VU											
