1934	Gastropoda	Cycloneritida	Hydrocenidae	Hydrocena	Hydrocena cattaroensis					4562038	3	0	0	1213	30	2	1	LC											
1947	Gastropoda	Cycloneritida	Hydrocenidae	Hydrocena	Hydrocena cattaroensis					4562038	3	0	0	1213	30	2	1	LC											
1975	Gastropoda	Cycloneritida	Hydrocenidae	Hydrocena	Hydrocena cattaroensis	42.4552	18.7686			4562038	3	0	0	1213	30	2	1	LC	31.1	0.7	16.322191780821917	4.7745205479452055							
2020	Gastropoda	Cycloneritida	Hydrocenidae	Hydrocena	Hydrocena cattaroensis	42.421975	18.772184			4562038	3	0	0	1213	30	2	1	LC	33.2	4.0	18.0155737704918	5.251639344262295							
