1948	Gastropoda	Stylommatophora	Hygromiidae	Hygromia	Hygromia odeca					4565044	2	0	0	1213	399	36	3	VU											
1977	Gastropoda	Stylommatophora	Hygromiidae	Hygromia	Hygromia odeca	42.138571	2.234886			4565044	2	0	0	1213	399	36	3	VU	26.0	-10.6	9.784109589041096	3.5205479452054793							
