1933	Gastropoda	Stylommatophora	Hygromiidae	Hygromia	Hygromia tassyi	42.71212	1.43126			4565052	2	0	0	1213	399	36	3	VU											
1992	Gastropoda	Stylommatophora	Hygromiidae	Hygromia	Hygromia tassyi	42.1077	1.8276			4565052	2	0	0	1213	399	36	3	VU	27.4	-11.5	8.553005464480874	2.4183060109289616							
1993	Gastropoda	Stylommatophora	Hygromiidae	Hygromia	Hygromia tassyi	42.148337	1.839261			4565052	2	0	0	1213	399	36	3	VU	30.2	-8.5	9.465753424657533	2.1536986301369865							
2006	Gastropoda	Stylommatophora	Hygromiidae	Hygromia	Hygromia tassyi	42.59499	1.06433	2230.0		4565052	2	0	0	1213	399	36	3	VU	21.5	-15.1	3.742191780821918	2.021917808219178							
2018	Gastropoda	Stylommatophora	Hygromiidae	Hygromia	Hygromia tassyi	42.712122	1.431256			4565052	2	0	0	1213	399	36	3	VU	27.9	-17.7	9.365753424657534	4.412602739726028							
2022	Gastropoda	Stylommatophora	Hygromiidae	Hygromia	Hygromia tassyi			1508.0		4565052	2	0	0	1213	399	36	3	VU											
