1981	Gastropoda	Stylommatophora	Azecidae	Hypnophila	Hypnophila zacynthia			650.0		8812000	1	0	0	1213	399	5	2	LC											
2008	Gastropoda	Stylommatophora	Azecidae	Hypnophila	Hypnophila zacynthia	39.666667	19.75			8812000	1	0	0	1213	399	5	2	LC	28.1	0.9	16.9224043715847	2.8204918032786885							
