1984	Gastropoda	Stylommatophora	Azecidae	Hypnophila	Hypnophila cyclothyra					8957690	1	0	0	1213	399	5	2	LC											
2010	Gastropoda	Stylommatophora	Azecidae	Hypnophila	Hypnophila cyclothyra	38.1572	21.4006			8957690	1	0	0	1213	399	5	2	LC	37.7	0.4	17.76219178082192	3.1454794520547944							
