1895	Bivalvia	Unionida	Hyriidae	Hyridella	Hyridella glenelgensis	-38.4	142.1			4593116	1	0	0	1213	179	4	6	CR											
1911	Bivalvia	Unionida	Hyriidae	Hyridella	Hyridella glenelgensis					4593116	1	0	0	1213	179	4	6	CR											
1950	Bivalvia	Unionida	Hyriidae	Hyridella	Hyridella glenelgensis	-37.3	141.3			4593116	1	0	0	1213	179	4	6	CR	40.5	-0.5	14.752876712328767	0.9687671232876712							
1969	Bivalvia	Unionida	Hyriidae	Hyridella	Hyridella glenelgensis					4593116	1	0	0	1213	179	4	6	CR											
1981	Bivalvia	Unionida	Hyriidae	Hyridella	Hyridella glenelgensis				1.0	4593116	1	0	0	1213	179	4	6	CR											
1995	Bivalvia	Unionida	Hyriidae	Hyridella	Hyridella glenelgensis	-37.6	141.5			4593116	1	0	0	1213	179	4	6	CR	37.8	-1.0	13.037534246575342	1.6252054794520547							
2004	Bivalvia	Unionida	Hyriidae	Hyridella	Hyridella glenelgensis					4593116	1	0	0	1213	179	4	6	CR											
2012	Bivalvia	Unionida	Hyriidae	Hyridella	Hyridella glenelgensis	-37.9	141.3			4593116	1	0	0	1213	179	4	6	CR	39.5	1.3	14.351366120218579	1.7062841530054644							
