1966	Gastropoda	Stylommatophora	Helicidae	Iberus	Iberus angustatus					9331336	1	0	0	1213	399	50	1	LC											
1990	Gastropoda	Stylommatophora	Helicidae	Iberus	Iberus angustatus					9331336	1	0	0	1213	399	50	1	LC											
2006	Gastropoda	Stylommatophora	Helicidae	Iberus	Iberus angustatus	37.46385	-3.92438			9331336	1	0	0	1213	399	50	1	LC	35.3	-5.8	14.24082191780822	1.4906849315068493							
2012	Gastropoda	Stylommatophora	Helicidae	Iberus	Iberus angustatus	37.18	-3.6			9331336	1	0	0	1213	399	50	1	LC	39.6	-3.8	15.3948087431694	1.1612021857923498							
