1957	Gastropoda	Stylommatophora	Helicidae	Iberus	Iberus guiraoanus					9175731	1	0	0	1213	399	50	1	LC											
1962	Gastropoda	Stylommatophora	Helicidae	Iberus	Iberus guiraoanus	38.04609	-2.95441			9175731	1	0	0	1213	399	50	1	LC	36.4	-5.7	13.452328767123287	1.8293150684931507							
1984	Gastropoda	Stylommatophora	Helicidae	Iberus	Iberus guiraoanus			1000.0		9175731	1	0	0	1213	399	50	1	LC											
1990	Gastropoda	Stylommatophora	Helicidae	Iberus	Iberus guiraoanus					9175731	1	0	0	1213	399	50	1	LC											
2006	Gastropoda	Stylommatophora	Helicidae	Iberus	Iberus guiraoanus	37.927962	-2.920776			9175731	1	0	0	1213	399	50	1	LC	36.5	-6.8	14.056986301369863	1.073972602739726							
