1995	Gastropoda	Stylommatophora	Clausiliidae	Inchoatia	Inchoatia haussknechti					9129158	1	0	0	1213	399	39	3	LC											
2000	Gastropoda	Stylommatophora	Clausiliidae	Inchoatia	Inchoatia haussknechti	38.184252	23.94458			9129158	1	0	0	1213	399	39	3	LC	42.3	-1.8	16.278142076502732	0.5961748633879781							
