1889	Gastropoda	Stylommatophora	Charopidae	Insularopa	Insularopa barrenensis	-40.1	148.1			10473576	1	0	0	1213	399	6	6	LC											
1916	Gastropoda	Stylommatophora	Charopidae	Insularopa	Insularopa barrenensis	-39.93	148.32			2296571	1	0	0	1213	399	6	6	LC											
1974	Gastropoda	Stylommatophora	Charopidae	Insularopa	Insularopa barrenensis	-40.01666	148.08332			2296571	1	0	0	1213	399	6	6	LC	27.2	2.1	12.483561643835616	2.287123287671233							
1992	Gastropoda	Stylommatophora	Charopidae	Insularopa	Insularopa barrenensis	-40.00833	147.87082			10473576	1	0	0	1213	399	6	6	LC	24.9	5.2	13.904098360655738	1.71775956284153							
2014	Gastropoda	Stylommatophora	Charopidae	Insularopa	Insularopa barrenensis	-40.2148	148.0351			10473576	1	0	0	1213	399	6	6	DD	30.2	6.8	14.929589041095891	1.2695890410958903							
