1917	Bivalvia	Cardiida	Donacidae	Iphigenia	Iphigenia delessertii	56.3667	14.5833			5782049	10	0	0	1213	4	165	5	LC											
1943	Bivalvia	Cardiida	Donacidae	Iphigenia	Iphigenia delessertii					5782049	10	0	0	1213	4	165	5	LC											
1952	Bivalvia	Cardiida	Donacidae	Iphigenia	Iphigenia delessertii	6.735278	-11.251111			5782049	10	0	0	1213	4	165	5	LC	30.8	21.4	25.53934426229508	10.6775956284153							
