1800	Bivalvia	Cardiida	Donacidae	Iphigenia	Iphigenia laevigata					5729014	13	0	0	1213	4	165	16	LC											
1952	Bivalvia	Cardiida	Donacidae	Iphigenia	Iphigenia laevigata	8.49	-13.234167			5729014	13	0	0	1213	4	165	16	LC	29.4	21.8	25.92568306010929	11.409016393442624							
1953	Bivalvia	Cardiida	Donacidae	Iphigenia	Iphigenia laevigata					5729014	13	0	0	1213	4	165	16	LC											
1955	Bivalvia	Cardiida	Donacidae	Iphigenia	Iphigenia laevigata	-4.765263	11.82814			5729014	13	0	0	1213	4	165	16	LC	32.9	14.0	24.524109589041096	1.8832876712328768							
1971	Bivalvia	Cardiida	Donacidae	Iphigenia	Iphigenia laevigata	5.2	-4.24			5729014	13	0	0	1213	4	165	16	LC	33.0	19.1	25.395342465753426	6.529589041095891							
