1979	Gastropoda	Stylommatophora	Enidae	Jaminia	Jaminia loewii					9035278	2	0	0	1213	399	9	3	LC											
1980	Gastropoda	Stylommatophora	Enidae	Jaminia	Jaminia loewii			1650.0		9035278	2	0	0	1213	399	9	3	LC											
1981	Gastropoda	Stylommatophora	Enidae	Jaminia	Jaminia loewii			1100.0		9035278	2	0	0	1213	399	9	3	LC											
1985	Gastropoda	Stylommatophora	Enidae	Jaminia	Jaminia loewii					9035278	2	0	0	1213	399	9	3	LC											
1995	Gastropoda	Stylommatophora	Enidae	Jaminia	Jaminia loewii	37.807	35.148	1600.0		9035278	2	0	0	1213	399	9	3	LC	16.6	-25.6	-3.3846575342465752	2.686301369863014							
2000	Gastropoda	Stylommatophora	Enidae	Jaminia	Jaminia loewii	37.828222	27.281111			9035278	2	0	0	1213	399	9	3	LC	42.2	-2.9	17.727322404371584	1.5333333333333332							
2001	Gastropoda	Stylommatophora	Enidae	Jaminia	Jaminia loewii	36.869317	30.4265			9035278	2	0	0	1213	399	9	3	LC	33.2	-6.0	12.035890410958904	2.7794520547945205							
