1800	Gastropoda	Stylommatophora	Clausiliidae	Julica	Julica schmidtii					6548550	3	0	0	1213	399	39	2	LC											
1874	Gastropoda	Stylommatophora	Clausiliidae	Julica	Julica schmidtii					4571100	3	0	0	1213	399	39	2	LC											
1960	Gastropoda	Stylommatophora	Clausiliidae	Julica	Julica schmidtii	46.52	13.75			4571100	3	0	0	1213	399	39	2	LC	25.3	-19.8	5.655191256830601	5.33879781420765							
1982	Gastropoda	Stylommatophora	Clausiliidae	Julica	Julica schmidtii	46.75	13.83333			4571100	3	0	0	1213	399	39	2	LC	23.4	-23.3	3.28	2.913150684931507							
1985	Gastropoda	Stylommatophora	Clausiliidae	Julica	Julica schmidtii					4571100	3	0	0	1213	399	39	2	LC											
2000	Gastropoda	Stylommatophora	Clausiliidae	Julica	Julica schmidtii	46.1997	13.7417			4571100	3	0	0	1213	399	39	2	LC	31.2	-11.2	11.913387978142076	5.005737704918033							
2001	Gastropoda	Stylommatophora	Clausiliidae	Julica	Julica schmidtii					4571100	3	0	0	1213	399	39	2	LC											
2013	Gastropoda	Stylommatophora	Clausiliidae	Julica	Julica schmidtii					4571100	3	0	0	1213	399	39	2	LC											
2019	Gastropoda	Stylommatophora	Clausiliidae	Julica	Julica schmidtii	46.242883	13.509483			4571100	3	0	0	1213	399	39	2	LC	32.9	-6.9	12.27041095890411	4.806027397260274							
