1969	Gastropoda	Littorinimorpha	Pomatiopsidae	Karelainia	Karelainia hydrorissoidea	14.1	105.85			8862775	2	0	0	1213	88	2	7	NT	37.5	15.3	26.87232876712329	3.8594520547945206							
