1965	Gastropoda	Stylommatophora	Camaenidae	Kimberleytrachia	Kimberleytrachia crawfordi	-15.9833	124.55			9774395	1	0	0	1213	399	15	23	LR/lc	40.6	10.5	26.82958904109589	3.4367123287671233							
1987	Gastropoda	Stylommatophora	Camaenidae	Kimberleytrachia	Kimberleytrachia crawfordi	-15.9055	124.6681			9774395	1	0	0	1213	399	15	23	LR/lc	40.8	10.6	26.904109589041095	2.6731506849315068							
1988	Gastropoda	Stylommatophora	Camaenidae	Kimberleytrachia	Kimberleytrachia crawfordi	-15.2953	124.6769			2295034	1	0	0	1213	399	15	23	LR/lc	35.6	16.0	27.630601092896175	2.373224043715847							
2009	Gastropoda	Stylommatophora	Camaenidae	Kimberleytrachia	Kimberleytrachia crawfordi	-15.9483	124.5606			9774395	1	0	0	1213	399	15	23	V	42.0	13.3	27.28164383561644	3.3345205479452056							
2010	Gastropoda	Stylommatophora	Camaenidae	Kimberleytrachia	Kimberleytrachia crawfordi	-16.0278	124.7663			9774395	1	0	0	1213	399	15	23	V	39.5	14.8	27.502191780821917	3.5701369863013697							
