1800	Gastropoda	Stylommatophora	Helicidae	Kosicia	Kosicia intermedia					10931562	4	0	0	1213	399	50	1	LC											
1903	Gastropoda	Stylommatophora	Helicidae	Kosicia	Kosicia intermedia					9596948	4	0	0	1213	399	50	1	LC											
1939	Gastropoda	Stylommatophora	Helicidae	Kosicia	Kosicia intermedia	46.3665	14.561			9596948	4	0	0	1213	399	50	1	LC											
1977	Gastropoda	Stylommatophora	Helicidae	Kosicia	Kosicia intermedia	46.57	14.49			9596948	4	0	0	1213	399	50	1	LC	27.3	-16.4	8.345205479452055	2.8898630136986303							
1995	Gastropoda	Stylommatophora	Helicidae	Kosicia	Kosicia intermedia					9596948	4	0	0	1213	399	50	1	LC											
2013	Gastropoda	Stylommatophora	Helicidae	Kosicia	Kosicia intermedia	46.28435	13.548083			9596948	4	0	0	1213	399	50	1	LC	34.4	-12.1	11.289315068493151	4.724931506849315							
2014	Gastropoda	Stylommatophora	Helicidae	Kosicia	Kosicia intermedia	46.2298	13.440933			9596948	4	0	0	1213	399	50	1	LC	30.7	-16.3	11.967123287671233	6.579178082191781							
