1968	Gastropoda	Littorinimorpha	Pomatiopsidae	Lacunopsis	Lacunopsis conica					5796662	3	0	0	1213	88	2	16	LC											
1969	Gastropoda	Littorinimorpha	Pomatiopsidae	Lacunopsis	Lacunopsis conica	14.146956	105.95938			5796662	3	0	0	1213	88	2	16	LC	37.1	15.5	26.605479452054794	5.7413698630136984							
1972	Gastropoda	Littorinimorpha	Pomatiopsidae	Lacunopsis	Lacunopsis conica	15.57771	105.807434			5796662	3	0	0	1213	88	2	16	LC	36.7	13.5	25.15737704918033	7.027868852459016							
