1938	Gastropoda	Ellobiida	Ellobiidae	Laemodonta	Laemodonta clausa	22.074375	-159.763145			10597196	5	0	0	1213	17	16	1	LC											
