1970	Bivalvia	Unionida	Unionidae	Lamellidens	Lamellidens jenkinsianus					5782393	4	0	0	1213	179	165	3	LC											
2016	Bivalvia	Unionida	Unionidae	Lamellidens	Lamellidens jenkinsianus	16.68	74.389999			5782393	4	0	0	1213	179	165	3	LC	41.1	14.6	25.366939890710384	2.1068306010928963							
