1900	Bivalvia	Unionida	Unionidae	Lampsilis	Lampsilis binominata	32.8794	-85.1803			2288165	0	0	0	1213	179	165	17	EX											
1964	Bivalvia	Unionida	Unionidae	Lampsilis	Lampsilis binominata	33.2565	-84.4969			2288165	0	0	0	1213	179	165	17	EX	35.9	-7.7	16.43825136612022	3.7565573770491802							
1965	Bivalvia	Unionida	Unionidae	Lampsilis	Lampsilis binominata	33.1717	-84.5059			2288165	0	0	0	1213	179	165	17	EX	33.3	-7.6	16.884109589041095	2.6835616438356165							
1967	Bivalvia	Unionida	Unionidae	Lampsilis	Lampsilis binominata	33.0665	-84.5228			2288165	0	0	0	1213	179	165	17	EX	34.0	-7.1	16.798904109589042	2.786849315068493							
1981	Bivalvia	Unionida	Unionidae	Lampsilis	Lampsilis binominata					2288165	0	0	0	1213	179	165	17	EX											
1992	Bivalvia	Unionida	Unionidae	Lampsilis	Lampsilis binominata	31.7764	-84.1367			2288165	0	0	0	1213	179	165	17	EX	37.7	-4.2	18.447814207650275	3.4172131147540985							
2005	Bivalvia	Unionida	Unionidae	Lampsilis	Lampsilis binominata	31.234	-84.28			2288165	0	0	0	1213	179	165	17	CR	35.8	-5.1	19.264109589041094	3.6084931506849314							
