1905	Bivalvia	Unionida	Unionidae	Lampsilis	Lampsilis streckeri	35.745833	-91.625833			2288161	1	0	0	1213	179	165	17	CR											
