1934	Bivalvia	Unionida	Unionidae	Lanceolaria	Lanceolaria gladiola					7687195	3	0	0	366	179	165	1	LC											
1997	Bivalvia	Unionida	Unionidae	Lanceolaria	Lanceolaria gladiola	31.2333	121.467			7687195	3	0	0	366	179	165	1	LC	32.4	-3.5	16.561095890410957	3.566849315068493							
2000	Bivalvia	Unionida	Unionidae	Lanceolaria	Lanceolaria gladiola	28.6831	115.883			7687195	3	0	0	366	179	165	1	LC	37.7	-3.6	18.036612021857923	4.85							
2003	Bivalvia	Unionida	Unionidae	Lanceolaria	Lanceolaria gladiola	28.3225	113.33		3.0	7687195	3	0	0	366	179	165	1	LC	39.1	-3.8	18.05232876712329	4.403013698630137							
2004	Bivalvia	Unionida	Unionidae	Lanceolaria	Lanceolaria gladiola					7687195	3	0	0	366	179	165	1	LC											
2005	Bivalvia	Unionida	Unionidae	Lanceolaria	Lanceolaria gladiola					7687195	3	0	0	366	179	165	1	LC											
2006	Bivalvia	Unionida	Unionidae	Lanceolaria	Lanceolaria gladiola	21.6471	105.1711			7687195	3	0	0	366	179	165	1	LC	38.5	8.7	23.786301369863015	5.2972602739726025							
2016	Bivalvia	Unionida	Unionidae	Lanceolaria	Lanceolaria gladiola	22.8792	106.583			7687195	3	0	0	366	179	165	1	LC	33.7	0.6	20.48551912568306	4.26912568306011							
