1905	Gastropoda	Architaenioglossa	Ampullariidae	Lanistes	Lanistes neavei					5783794	2	0	0	1213	63	12	5	LC											
1962	Gastropoda	Architaenioglossa	Ampullariidae	Lanistes	Lanistes neavei	-9.0	26.0			5783794	2	0	0	1213	63	12	5	LC	29.0	12.1	19.79945205479452	6.11041095890411							
1969	Gastropoda	Architaenioglossa	Ampullariidae	Lanistes	Lanistes neavei	-9.68	27.25			5783794	2	0	0	1213	63	12	5	LC	35.3	12.1	23.114794520547946	3.7695890410958905							
