1891	Gastropoda	Architaenioglossa	Ampullariidae	Lanistes	Lanistes farleri	-6.16667	39.18333			5783783	1	0	0	1213	63	12	393	VU											
1953	Gastropoda	Architaenioglossa	Ampullariidae	Lanistes	Lanistes farleri	-6.342206	37.493506			5783783	1	0	0	1213	63	12	393	VU	32.9	13.6	23.430958904109588	3.4123287671232876							
1972	Gastropoda	Architaenioglossa	Ampullariidae	Lanistes	Lanistes farleri	-5.16	38.779999			5783783	1	0	0	1213	63	12	393	VU	35.5	16.6	24.287158469945354	3.6557377049180326							
