1915	Gastropoda	Architaenioglossa	Ampullariidae	Lanistes	Lanistes nsendweensis					5783786	2	0	0	1213	63	12	1	LC											
1927	Gastropoda	Architaenioglossa	Ampullariidae	Lanistes	Lanistes nsendweensis					5783786	2	0	0	1213	63	12	1	LC											
1928	Gastropoda	Architaenioglossa	Ampullariidae	Lanistes	Lanistes nsendweensis					5783786	2	0	0	1213	63	12	1	LC											
1934	Gastropoda	Architaenioglossa	Ampullariidae	Lanistes	Lanistes nsendweensis	-5.516667	25.983333			5783786	2	0	0	1213	63	12	1	LC											
1952	Gastropoda	Architaenioglossa	Ampullariidae	Lanistes	Lanistes nsendweensis	-0.35	25.48			5783786	2	0	0	1213	63	12	1	LC	40.5	20.4	26.101639344262296	6.483333333333333							
1953	Gastropoda	Architaenioglossa	Ampullariidae	Lanistes	Lanistes nsendweensis	0.516667	25.2			5783786	2	0	0	1213	63	12	1	LC	31.3	19.0	23.83205479452055	6.490958904109589							
1954	Gastropoda	Architaenioglossa	Ampullariidae	Lanistes	Lanistes nsendweensis	0.506	25.1951			5783786	2	0	0	1213	63	12	1	LC	33.3	20.0	24.034246575342465	5.007671232876712							
1970	Gastropoda	Architaenioglossa	Ampullariidae	Lanistes	Lanistes nsendweensis	0.76	24.25			5783786	2	0	0	1213	63	12	1	LC	32.4	20.1	24.556438356164385	6.061369863013699							
1973	Gastropoda	Architaenioglossa	Ampullariidae	Lanistes	Lanistes nsendweensis	3.7	22.16			5783786	2	0	0	1213	63	12	1	LC	36.5	18.6	24.94054794520548	4.92027397260274							
