1932	Gastropoda	Architaenioglossa	Ampullariidae	Lanistes	Lanistes intortus	0.0	25.0			5783796	1	0	0	1213	63	12	38	LC											
1952	Gastropoda	Architaenioglossa	Ampullariidae	Lanistes	Lanistes intortus	3.233333	10.733333			5783796	1	0	0	1213	63	12	38	LC	31.3	19.0	23.12431693989071	7.974863387978142							
1970	Gastropoda	Architaenioglossa	Ampullariidae	Lanistes	Lanistes intortus	-4.32	15.31			5783796	1	0	0	1213	63	12	38	LC	32.9	16.6	24.732876712328768	2.916164383561644							
