1954	Gastropoda	Architaenioglossa	Ampullariidae	Lanistes	Lanistes congicus					5783773	3	0	0	1213	63	12	2	LC											
1956	Gastropoda	Architaenioglossa	Ampullariidae	Lanistes	Lanistes congicus	-4.25	15.28			5783773	3	0	0	1213	63	12	2	LC	34.7	15.4	24.792622950819673	2.3882513661202185							
1962	Gastropoda	Architaenioglossa	Ampullariidae	Lanistes	Lanistes congicus	-4.19	12.67			5783773	3	0	0	1213	63	12	2	LC	33.4	15.1	23.413424657534247	3.8545205479452056							
1970	Gastropoda	Architaenioglossa	Ampullariidae	Lanistes	Lanistes congicus	-4.31	15.25			5783773	3	0	0	1213	63	12	2	LC	33.1	16.7	24.88082191780822	2.916164383561644							
1974	Gastropoda	Architaenioglossa	Ampullariidae	Lanistes	Lanistes congicus	-5.81	13.45			5783773	3	0	0	1213	63	12	2	LC	32.3	15.2	23.85753424657534	2.620821917808219							
1990	Gastropoda	Architaenioglossa	Ampullariidae	Lanistes	Lanistes congicus					5783773	3	0	0	1213	63	12	2	LC											
