1911	Gastropoda		Paludomidae	Lavigeria	Lavigeria paucicostata					5782770	4	0	0	1213	399	18	13	LC											
1986	Gastropoda		Paludomidae	Lavigeria	Lavigeria paucicostata	-7.3333	30.55		8.5	5782770	4	0	0	1213	399	18	13	LC	31.4	17.5	23.873698630136985	6.222191780821918							
