1905	Gastropoda		Paludomidae	Lavigeria	Lavigeria grandis	8.8	31.25			5782769	4	0	0	1213	399	9	1	LC											
1938	Gastropoda		Paludomidae	Lavigeria	Lavigeria grandis	-4.9677	29.6444			5782769	4	0	0	1213	399	9	1	LC											
1957	Gastropoda		Paludomidae	Lavigeria	Lavigeria grandis	-8.76	31.129999			5782769	4	0	0	1213	399	9	1	LC	34.5	15.3	23.870136986301368	6.813698630136987							
1968	Gastropoda		Paludomidae	Lavigeria	Lavigeria grandis	-8.76	31.129999			5782769	4	0	0	1213	399	9	1	LC	35.6	15.4	23.896994535519127	4.657103825136612							
1974	Gastropoda		Paludomidae	Lavigeria	Lavigeria grandis	-4.9	29.65			5782769	4	0	0	1213	399	9	1	LC	30.7	16.7	23.11068493150685	6.279726027397261							
1986	Gastropoda		Paludomidae	Lavigeria	Lavigeria grandis	-5.2833	29.7833		3.0	5782769	4	0	0	1213	399	9	1	LC	32.5	17.7	23.900547945205478	6.731780821917808							
1990	Gastropoda		Paludomidae	Lavigeria	Lavigeria grandis				2.5	5782769	4	0	0	1213	399	9	1	LC											
