1901	Gastropoda		Pleuroceridae	Leptoxis	Leptoxis occultata	32.805749	-86.444726			5192841	0	0	0	1213	399	3	10	EX											
