1903	Gastropoda		Pleuroceridae	Leptoxis	Leptoxis ligata	32.64778	-86.36972			5192857	0	0	0	1213	460	3	393	EX											
1913	Gastropoda		Pleuroceridae	Leptoxis	Leptoxis ligata	32.64778	-86.36972			5192857	0	0	0	1213	460	3	393	EX											
1914	Gastropoda		Pleuroceridae	Leptoxis	Leptoxis ligata	33.160999	-86.486603			5192857	0	0	0	1213	460	3	393	EX											
