1899	Gastropoda		Pleuroceridae	Leptoxis	Leptoxis showalterii					5192844	0	0	0	1213	16	3	2	EX											
1913	Gastropoda		Pleuroceridae	Leptoxis	Leptoxis showalterii	32.64778	-86.36972			5192844	0	0	0	1213	16	3	2	EX											
1914	Gastropoda		Pleuroceridae	Leptoxis	Leptoxis showalterii	32.64778	-86.36972			5192844	0	0	0	1213	16	3	2	EX											
1956	Gastropoda		Pleuroceridae	Leptoxis	Leptoxis showalterii	33.7932	-86.0644			5192844	0	0	0	1213	16	3	2	EX	37.7	-2.7	17.62950819672131	3.083879781420765							
1962	Gastropoda		Pleuroceridae	Leptoxis	Leptoxis showalterii	33.775	-86.048			5192844	0	0	0	1213	16	3	2	EX	37.9	-13.8	17.354520547945206	3.069041095890411							
1963	Gastropoda		Pleuroceridae	Leptoxis	Leptoxis showalterii	33.4912	-86.2465			5192844	0	0	0	1213	16	3	2	EX	35.4	-15.0	16.432328767123288	3.221369863013699							
