1800	Gastropoda	Stylommatophora	Helicidae	Liburnica	Liburnica insolita					11057637	3	0	0	1213	399	50	2	LC											
2015	Gastropoda	Stylommatophora	Helicidae	Liburnica	Liburnica insolita	43.0453	17.6399			8974051	3	0	0	1213	399	50	2	LC	37.4	-4.9	15.855616438356165	2.8402739726027395							
