1975	Gastropoda	Stylommatophora	Limacidae	Limax	Limax corsicus					8231219	1	0	0	1213	399	16	10	LC											
2019	Gastropoda	Stylommatophora	Limacidae	Limax	Limax corsicus	42.49605	8.99534	740.0		8231219	1	0	0	1213	399	16	10	LC	34.1	-2.6	14.550958904109589	2.655890410958904							
2020	Gastropoda	Stylommatophora	Limacidae	Limax	Limax corsicus	42.66296	9.21579	319.0		8231219	1	0	0	1213	399	16	10	LC	31.1	2.5	15.390710382513662	1.6398907103825138							
2021	Gastropoda	Stylommatophora	Limacidae	Limax	Limax corsicus	42.418324	8.755185			8231219	1	0	0	1213	399	16	10	LC	32.8	0.8	15.783013698630137	1.7558904109589042							
