1905	Gastropoda		Paludomidae	Limnotrochus	Limnotrochus thomsoni					5782723	4	0	0	1213	399	9	2	LC											
1930	Gastropoda		Paludomidae	Limnotrochus	Limnotrochus thomsoni	-6.0	35.0			5782723	4	0	0	1213	399	9	2	LC											
1938	Gastropoda		Paludomidae	Limnotrochus	Limnotrochus thomsoni					5782723	4	0	0	1213	399	9	2	LC											
1957	Gastropoda		Paludomidae	Limnotrochus	Limnotrochus thomsoni	-8.76	31.129999			5782723	4	0	0	1213	399	9	2	LC	34.5	15.3	23.870136986301368	6.813698630136987							
1969	Gastropoda		Paludomidae	Limnotrochus	Limnotrochus thomsoni	-8.76	31.129999			5782723	4	0	0	1213	399	9	2	LC	33.9	16.1	24.375890410958903	3.742739726027397							
1986	Gastropoda		Paludomidae	Limnotrochus	Limnotrochus thomsoni	-4.3333	29.6		11.5	5782723	4	0	0	1213	399	9	2	LC	28.9	20.6	23.85835616438356	7.734246575342466							
1989	Gastropoda		Paludomidae	Limnotrochus	Limnotrochus thomsoni	-3.87	29.38		62.5	5782723	4	0	0	1213	399	9	2	LC	27.6	19.7	23.16986301369863	12.249863013698631							
