1800	Gastropoda		Pleuroceridae	Lithasia	Lithasia salebrosa					2302317	1	0	0	1213	399	3	9	VU											
1894	Gastropoda		Pleuroceridae	Lithasia	Lithasia salebrosa					2302317	1	0	0	1213	399	3	9	VU											
1901	Gastropoda		Pleuroceridae	Lithasia	Lithasia salebrosa					2302317	1	0	0	1213	399	3	9	VU											
1904	Gastropoda		Pleuroceridae	Lithasia	Lithasia salebrosa	34.79972	-87.67722			2302317	1	0	0	1213	399	3	9	VU											
1924	Gastropoda		Pleuroceridae	Lithasia	Lithasia salebrosa					2302317	1	0	0	1213	399	3	9	VU											
1931	Gastropoda		Pleuroceridae	Lithasia	Lithasia salebrosa	34.825001	-87.550301			2302317	1	0	0	1213	399	3	9	VU											
1998	Gastropoda		Pleuroceridae	Lithasia	Lithasia salebrosa	34.700434	-87.804984			2302317	1	0	0	1213	399	3	9	E	36.1	-6.3	17.5213698630137	3.705753424657534							
2002	Gastropoda		Pleuroceridae	Lithasia	Lithasia salebrosa	37.067279	-88.564769			2302317	1	0	0	1213	399	3	9	E	36.1	-9.9	15.061369863013699	3.5336986301369864							
