1927	Gastropoda		Lymnaeidae	Lymnaea	Lymnaea persica	38.8	121.266667			5784483	6	0	0	1213	399	12	1	LC											
1928	Gastropoda		Lymnaeidae	Lymnaea	Lymnaea persica	31.35	120.666667			5784483	6	0	0	1213	399	12	1	LC											
1934	Gastropoda		Lymnaeidae	Lymnaea	Lymnaea persica					5784483	6	0	0	1213	399	12	1	LC											
1978	Gastropoda		Lymnaeidae	Lymnaea	Lymnaea persica					5784483	6	0	0	1213	399	12	1	LC											
