1949	Gastropoda	Stylommatophora	Helicidae	Marmorana	Marmorana globularis					4563834	1	0	0	1213	399	50	2	LC											
1969	Gastropoda	Stylommatophora	Helicidae	Marmorana	Marmorana globularis	38.051352	13.132632			4563834	1	0	0	1213	399	50	2	LC	36.3	1.0	16.41013698630137	2.0684931506849313							
1994	Gastropoda	Stylommatophora	Helicidae	Marmorana	Marmorana globularis					4563834	1	0	0	1213	399	50	2	LC											
2005	Gastropoda	Stylommatophora	Helicidae	Marmorana	Marmorana globularis					4563834	1	0	0	1213	399	50	2	LC											
2007	Gastropoda	Stylommatophora	Helicidae	Marmorana	Marmorana globularis	38.11	13.35			4563834	1	0	0	1213	399	50	2	LC	40.7	4.2	18.313972602739724	1.593972602739726							
2010	Gastropoda	Stylommatophora	Helicidae	Marmorana	Marmorana globularis	38.0353	12.5617			4563834	1	0	0	1213	399	50	2	LC	37.2	0.2	16.71890410958904	1.943013698630137							
