1969	Gastropoda	Stylommatophora	Helicidae	Marmorana	Marmorana nebrodensis					4563734	1	0	0	1213	399	50	2	EN											
2007	Gastropoda	Stylommatophora	Helicidae	Marmorana	Marmorana nebrodensis	38.11	13.35			4563734	1	0	0	1213	399	50	2	EN	40.7	4.2	18.313972602739724	1.593972602739726							
2010	Gastropoda	Stylommatophora	Helicidae	Marmorana	Marmorana nebrodensis	37.8467	15.2967			4563734	1	0	0	1213	399	50	2	EN	39.5	3.8	18.808767123287673	1.86							
