1966	Cephalopoda	Oegopsida	Ommastrephidae	Martialia	Martialia hyadesi	-54.7117	158.7683			4357090	4	0	0	366	138	22	1	LC											
1969	Cephalopoda	Oegopsida	Ommastrephidae	Martialia	Martialia hyadesi	-28.383333	-80.033333			4357090	4	0	0	366	138	22	1	LC	20.8	12.1	16.88739726027397	0.26							
1984	Cephalopoda	Oegopsida	Ommastrephidae	Martialia	Martialia hyadesi	-47.4	-59.616667		928.0	4357090	4	0	0	366	138	22	1	LC	16.8	1.6	7.700273224043716	0.8234972677595629							
1985	Cephalopoda	Oegopsida	Ommastrephidae	Martialia	Martialia hyadesi					4357090	4	0	0	366	138	22	1	LC											
1989	Cephalopoda	Oegopsida	Ommastrephidae	Martialia	Martialia hyadesi	-52.7603	-47.0231		25.0	4357090	4	0	0	366	138	22	1	LC	10.1	-1.9	4.326849315068493	1.489041095890411							
1998	Cephalopoda	Oegopsida	Ommastrephidae	Martialia	Martialia hyadesi	-54.7117	158.7683			4357090	4	0	0	366	138	22	1	LC											
2000	Cephalopoda	Oegopsida	Ommastrephidae	Martialia	Martialia hyadesi	-44.0855	147.2132			4357090	4	0	0	366	138	22	1	LC	21.0	6.6	12.591530054644808	2.5054644808743167							
2019	Cephalopoda	Oegopsida	Ommastrephidae	Martialia	Martialia hyadesi	-44.0855	147.2132			4357090	4	0	0	366	138	22	1	LC	22.3	6.4	12.46054794520548	2.688219178082192							
