1800	Gastropoda	Stylommatophora	Clausiliidae	Medora	Medora contracta					9169284	3	0	0	1213	399	39	2	LC											
1977	Gastropoda	Stylommatophora	Clausiliidae	Medora	Medora contracta	43.513823	16.445534			9128514	3	0	0	1213	399	39	2	LC	29.9	-0.7	15.033972602739727	2.8394520547945206							
