2001	Gastropoda	Stylommatophora	Strophocheilidae	Megalobulimus	Megalobulimus parafragilior	-24.689681	-47.693218			5782960	1	0	0	1213	399	2	2	EN	33.8	10.9	22.63150684931507	3.6495890410958904							
