1969	Gastropoda	Architaenioglossa	Viviparidae	Mekongia	Mekongia jullieni					7784574	2	0	0	1213	63	17	1	LC											
2002	Gastropoda	Architaenioglossa	Viviparidae	Mekongia	Mekongia jullieni	14.108333	105.858333			7784574	2	0	0	1213	63	17	1	LC	38.3	16.8	27.258082191780822	5.123287671232877							
