1964	Gastropoda	Architaenioglossa	Viviparidae	Mekongia	Mekongia sphaericula					5796840	3	0	0	1213	63	17	6	LC											
1966	Gastropoda	Architaenioglossa	Viviparidae	Mekongia	Mekongia sphaericula	15.25	107.166667			5796840	3	0	0	1213	63	17	6	LC	29.6	11.6	20.444931506849315	5.013150684931507							
1968	Gastropoda	Architaenioglossa	Viviparidae	Mekongia	Mekongia sphaericula	18.0	18.0			5796840	3	0	0	1213	63	17	6	LC	41.5	4.6	26.89016393442623	0.004371584699453552							
1972	Gastropoda	Architaenioglossa	Viviparidae	Mekongia	Mekongia sphaericula	15.120221	105.798979			5796840	3	0	0	1213	63	17	6	LC	35.6	12.4	25.2551912568306	7.518032786885246							
1973	Gastropoda	Architaenioglossa	Viviparidae	Mekongia	Mekongia sphaericula	15.120221	105.798979			5796840	3	0	0	1213	63	17	6	LC	38.5	10.6	25.706301369863013	5.331506849315068							
1988	Gastropoda	Architaenioglossa	Viviparidae	Mekongia	Mekongia sphaericula	16.7	102.683333			5796840	3	0	0	1213	63	17	6	LC	38.7	13.4	26.50054644808743	3.358743169398907							
