1932	Gastropoda		Melanopsidae	Melanopsis	Melanopsis ammonis	30.29389	57.08417			7941735	1	0	0	1213	399	11	13	CR											
