1800	Gastropoda	Ellobiida	Ellobiidae	Tralia	Melampus striatus	-17.0	-150.0			8310502	6	0	0	1213	17	16	16	LC											
1957	Gastropoda	Ellobiida	Ellobiidae	Tralia	Melampus striatus					8310502	6	0	0	1213	17	16	16	LC											
1970	Gastropoda	Ellobiida	Ellobiidae	Tralia	Melampus striatus	10.2048	122.9888			8310502	6	0	0	1213	17	16	16	LC	36.0	21.2	26.775616438356163	6.077808219178082							
1971	Gastropoda	Ellobiida	Ellobiidae	Tralia	Melampus striatus					8310502	6	0	0	1213	17	16	16	LC											
