1991	Gastropoda		Melanopsidae	Melanopsis	Melanopsis magnifica					5782592	1	0	0	1213	399	2	1	EN											
1999	Gastropoda		Melanopsidae	Melanopsis	Melanopsis magnifica	32.0	-5.0			5782592	1	0	0	1213	399	2	1	EN	38.2	-7.4	17.08986301369863	0.2961643835616438							
2004	Gastropoda		Melanopsidae	Melanopsis	Melanopsis magnifica	35.107534	-2.585493		1.0	5782592	1	0	0	1213	399	2	1	EN	36.9	1.1	18.24207650273224	0.9363387978142076							
