1938	Gastropoda		Thiaridae	Melanoides	Melanoides agglutinans	-5.823725	13.447522			5782656	0	0	0	1213	399	2	2	CR											
