1910	Gastropoda		Melanopsidae	Melanopsis	Melanopsis nodosa	34.19718	43.85802			8905908	3	0	0	1213	399	26	5	LC											
1952	Gastropoda		Melanopsidae	Melanopsis	Melanopsis nodosa	30.333333	47.25			8905908	3	0	0	1213	399	26	5	LC	47.5	-0.1	25.540710382513662	0.35792349726775957							
1954	Gastropoda		Melanopsidae	Melanopsis	Melanopsis nodosa					8905908	3	0	0	1213	399	26	5	LC											
1999	Gastropoda		Melanopsidae	Melanopsis	Melanopsis nodosa					8905908	3	0	0	1213	399	26	5	LC											
2013	Gastropoda		Melanopsidae	Melanopsis	Melanopsis nodosa					8905908	3	0	0	1213	399	26	5	LC											
