1983	Gastropoda		Melanopsidae	Melanopsis	Melanopsis scalaris					5782597	2	0	0	1213	399	36	4	EN											
1984	Gastropoda		Melanopsidae	Melanopsis	Melanopsis scalaris	34.049999	-4.98			5782597	2	0	0	1213	399	36	4	EN	41.7	0.2	17.323224043715847	1.3221311475409836							
