1938	Gastropoda		Melanopsidae	Melanopsis	Melanopsis saulcyi					7399268	4	0	0	1213	399	11	1	LC											
1943	Gastropoda		Melanopsidae	Melanopsis	Melanopsis saulcyi	34.553108	38.267282			7399268	4	0	0	1213	399	11	1	LC	41.0	-2.1	18.843013698630138	0.3252054794520548							
1954	Gastropoda		Melanopsidae	Melanopsis	Melanopsis saulcyi					7399268	4	0	0	1213	399	11	1	LC											
1956	Gastropoda		Melanopsidae	Melanopsis	Melanopsis saulcyi					7399268	4	0	0	1213	399	11	1	LC											
