1952	Gastropoda		Thiaridae	Melanoides	Melanoides anomala					5782635	1	0	0	1213	399	2	2	LC											
1953	Gastropoda		Thiaridae	Melanoides	Melanoides anomala	-10.26	33.43			5782635	1	0	0	1213	399	2	2	LC	31.4	7.4	19.358630136986303	4.414246575342466							
1960	Gastropoda		Thiaridae	Melanoides	Melanoides anomala	-7.53	29.25			5782635	1	0	0	1213	399	2	2	LC	31.3	11.4	20.98688524590164	4.747814207650273							
1961	Gastropoda		Thiaridae	Melanoides	Melanoides anomala	-7.53	29.25			5782635	1	0	0	1213	399	2	2	LC	30.1	11.7	20.76767123287671	5.666849315068493							
1964	Gastropoda		Thiaridae	Melanoides	Melanoides anomala	-10.98	26.639999			5782635	1	0	0	1213	399	2	2	LC	33.6	10.6	21.06120218579235	3.540983606557377							
1966	Gastropoda		Thiaridae	Melanoides	Melanoides anomala	-4.96	17.83			5782635	1	0	0	1213	399	2	2	LC	35.3	15.1	23.592054794520546	5.464383561643835							
1969	Gastropoda		Thiaridae	Melanoides	Melanoides anomala	-8.56	26.549999			5782635	1	0	0	1213	399	2	2	LC	34.0	16.7	25.098082191780822	4.688219178082192							
