1939	Gastropoda	Stylommatophora	Camaenidae	Meliobba	Meliobba shafferyi	-16.25	145.466			2294301	1	0	0	1213	399	15	1	LR/nt											
1959	Gastropoda	Stylommatophora	Camaenidae	Meliobba	Meliobba shafferyi	-16.47499	145.32999			2294301	1	0	0	1213	399	15	1	LR/nt	34.8	13.2	22.614246575342467	4.808767123287671							
1963	Gastropoda	Stylommatophora	Camaenidae	Meliobba	Meliobba shafferyi	-16.47499	145.32999			2294301	1	0	0	1213	399	15	1	LR/nt	33.7	12.2	22.408493150684933	3.9772602739726026							
1973	Gastropoda	Stylommatophora	Camaenidae	Meliobba	Meliobba shafferyi	-12.733	143.283			2294301	1	0	0	1213	399	15	1	LR/nt	32.4	19.3	25.686301369863013	6.029589041095891							
1980	Gastropoda	Stylommatophora	Camaenidae	Meliobba	Meliobba shafferyi	-16.483333	145.333333	200.0		2294301	1	0	0	1213	399	15	1	LR/nt	32.3	13.1	22.303825136612023	2.097814207650273							
1983	Gastropoda	Stylommatophora	Camaenidae	Meliobba	Meliobba shafferyi	-16.483333	145.333333	200.0		2294301	1	0	0	1213	399	15	1	LR/nt	34.5	11.1	22.668219178082193	2.436986301369863							
1988	Gastropoda	Stylommatophora	Camaenidae	Meliobba	Meliobba shafferyi	-16.583	145.3			2294301	1	0	0	1213	399	15	1	LR/nt	32.9	10.8	20.910928961748635	2.133879781420765							
1992	Gastropoda	Stylommatophora	Camaenidae	Meliobba	Meliobba shafferyi					2294301	1	0	0	1213	399	15	1	LR/nt											
2012	Gastropoda	Stylommatophora	Camaenidae	Meliobba	Meliobba shafferyi	-16.45	145.366			2294301	1	0	0	1213	399	15	1	R	34.2	15.1	23.26967213114754	2.7724043715846993							
