1800	Gastropoda	Stylommatophora	Clausiliidae	Mentissa	Mentissa gracilicosta	44.85	34.97			6548552	1	0	0	1213	399	39	4	LC											
1832	Gastropoda	Stylommatophora	Clausiliidae	Mentissa	Mentissa gracilicosta	45.0	34.5			6548552	1	0	0	1213	399	39	4	LC											
1914	Gastropoda	Stylommatophora	Clausiliidae	Mentissa	Mentissa gracilicosta	44.588828	33.5224			4571132	1	0	0	1213	399	39	4	LC											
1989	Gastropoda	Stylommatophora	Clausiliidae	Mentissa	Mentissa gracilicosta	44.40646	33.78149			4571132	1	0	0	1213	399	39	4	LC	28.5	-11.6	10.773424657534246	1.5334246575342465							
1990	Gastropoda	Stylommatophora	Clausiliidae	Mentissa	Mentissa gracilicosta	44.616667	33.533333			4571132	1	0	0	1213	399	39	4	LC	29.4	-6.6	12.866849315068492	1.223013698630137							
1996	Gastropoda	Stylommatophora	Clausiliidae	Mentissa	Mentissa gracilicosta					4571132	1	0	0	1213	399	39	4	LC											
2011	Gastropoda	Stylommatophora	Clausiliidae	Mentissa	Mentissa gracilicosta	44.753	33.912			4571132	1	0	0	1213	399	39	4	LC	34.2	-9.3	10.780273972602739	1.3547945205479452							
