1907	Gastropoda	Littorinimorpha	Hydrobiidae	Mercuria	Mercuria anatina					4559998	5	0	0	1213	88	25	6	LC											
1966	Gastropoda	Littorinimorpha	Hydrobiidae	Mercuria	Mercuria anatina	51.716926	4.444485			4559998	5	0	0	1213	88	25	6	LC	28.9	-10.0	9.831506849315069	2.4706849315068493							
2015	Gastropoda	Littorinimorpha	Hydrobiidae	Mercuria	Mercuria anatina	51.867	4.336			4559998	5	0	0	1213	88	25	6	LC	33.2	-2.8	11.100821917808219	1.9673972602739727							
2018	Gastropoda	Littorinimorpha	Hydrobiidae	Mercuria	Mercuria anatina	51.856352	4.346889			4559998	5	0	0	1213	88	25	6	LC	34.6	-7.1	11.536164383561644	1.843013698630137							
2019	Gastropoda	Littorinimorpha	Hydrobiidae	Mercuria	Mercuria anatina	51.837862	4.437316			4559998	5	0	0	1213	88	25	6	LC	36.3	-5.4	11.312876712328768	2.163013698630137							
