2019	Gastropoda	Littorinimorpha	Tateidae	Meridiopyrgus	Meridiopyrgus murihiku	-46.203	168.435			7912113	1	0	0	1213	88	6	9	EN	26.3	-3.7	9.30054794520548	3.87013698630137							
