1939	Gastropoda	Stylommatophora	Xanthonychidae	Micrarionta	Micrarionta opuntia					2296094	1	0	0	1213	399	12	1	VU											
1940	Gastropoda	Stylommatophora	Xanthonychidae	Micrarionta	Micrarionta opuntia					2296094	1	0	0	1213	399	12	1	VU											
1974	Gastropoda	Stylommatophora	Xanthonychidae	Micrarionta	Micrarionta opuntia	33.24944	-119.49944			2296094	1	0	0	1213	399	12	1	VU	18.7	8.2	13.248493150684931	0.39863013698630134							
1989	Gastropoda	Stylommatophora	Xanthonychidae	Micrarionta	Micrarionta opuntia	33.2575	-119.495	10.0		2296094	1	0	0	1213	399	12	1	VU	21.7	6.0	14.312876712328768	0.3334246575342466							
