1800	Gastropoda		Melanopsidae	Microcolpia	Microcolpia daudebartii	48.2	16.366667			7452863	12	0	0	1213	399	15	393	LC											
1874	Gastropoda		Melanopsidae	Microcolpia	Microcolpia daudebartii					7452863	12	0	0	1213	399	15	393	LC											
1919	Gastropoda		Melanopsidae	Microcolpia	Microcolpia daudebartii					7452863	12	0	0	1213	399	15	393	LC											
1951	Gastropoda		Melanopsidae	Microcolpia	Microcolpia daudebartii	46.2167	18.9167			7988154	12	0	0	1213	399	15	393	LC	36.0	-6.3	12.69041095890411	1.34							
1990	Gastropoda		Melanopsidae	Microcolpia	Microcolpia daudebartii	47.966667	16.2			7988154	12	0	0	1213	399	15	393	LC	30.6	-12.9	9.832328767123288	1.8312328767123287							
