1956	Gastropoda	Littorinimorpha	Moitessieriidae	Moitessieria	Moitessieria olleri	41.8058	2.1492			4561252	1	0	0	1213	88	5	1	NT	30.3	-14.5	9.672131147540984	3.110382513661202							
1975	Gastropoda	Littorinimorpha	Moitessieriidae	Moitessieria	Moitessieria olleri	41.8058	2.1492			4561252	1	0	0	1213	88	5	1	NT	31.0	-9.2	10.342465753424657	3.20986301369863							
1981	Gastropoda	Littorinimorpha	Moitessieriidae	Moitessieria	Moitessieria olleri	41.8058	2.1492			4561252	1	0	0	1213	88	5	1	NT	30.9	-16.8	10.915616438356164	3.170958904109589							
1995	Gastropoda	Littorinimorpha	Moitessieriidae	Moitessieria	Moitessieria olleri	41.8058	2.1492			4561252	1	0	0	1213	88	5	1	NT	30.9	-5.2	11.45972602739726	2.475068493150685							
2002	Gastropoda	Littorinimorpha	Moitessieriidae	Moitessieria	Moitessieria olleri	42.091394	2.127722			4561252	1	0	0	1213	88	5	1	NT	29.0	-4.9	10.507397260273972	4.303561643835616							
2007	Gastropoda	Littorinimorpha	Moitessieriidae	Moitessieria	Moitessieria olleri					4561252	1	0	0	1213	88	5	1	NT											
2019	Gastropoda	Littorinimorpha	Moitessieriidae	Moitessieria	Moitessieria olleri					4561252	1	0	0	1213	88	5	1	NT											
2021	Gastropoda	Littorinimorpha	Moitessieriidae	Moitessieria	Moitessieria olleri	42.091497	2.127978			4561252	1	0	0	1213	88	5	1	NT	33.3	-11.3	10.865753424657534	3.6101369863013697							
