1983	Gastropoda	Littorinimorpha	Moitessieriidae	Moitessieria	Moitessieria simoniana					4561269	2	0	0	1213	88	5	1	LC											
1984	Gastropoda	Littorinimorpha	Moitessieriidae	Moitessieria	Moitessieria simoniana					4561269	2	0	0	1213	88	5	1	LC											
1992	Gastropoda	Littorinimorpha	Moitessieriidae	Moitessieria	Moitessieria simoniana	42.0665	2.5251			4561269	2	0	0	1213	88	5	1	LC	32.2	-6.7	12.558196721311475	3.9797814207650273							
1993	Gastropoda	Littorinimorpha	Moitessieriidae	Moitessieria	Moitessieria simoniana	42.1779	2.495			4561269	2	0	0	1213	88	5	1	LC	31.4	-8.0	11.873972602739727	2.7265753424657535							
1994	Gastropoda	Littorinimorpha	Moitessieriidae	Moitessieria	Moitessieria simoniana	42.2743	2.5952			4561269	2	0	0	1213	88	5	1	LC	34.5	-6.8	13.684109589041096	2.439178082191781							
1995	Gastropoda	Littorinimorpha	Moitessieriidae	Moitessieria	Moitessieria simoniana	42.1779	2.495			4561269	2	0	0	1213	88	5	1	LC	31.9	-4.3	12.564109589041095	1.6575342465753424							
1996	Gastropoda	Littorinimorpha	Moitessieriidae	Moitessieria	Moitessieria simoniana	42.2101	2.351			4561269	2	0	0	1213	88	5	1	LC	29.2	-11.0	9.624590163934426	3.505191256830601							
