1952	Gastropoda	Stylommatophora	Xanthonychidae	Monadenia	Monadenia setosa					5191178	1	0	0	1213	399	12	1	VU											
1954	Gastropoda	Stylommatophora	Xanthonychidae	Monadenia	Monadenia setosa					5191178	1	0	0	1213	399	12	1	VU											
1959	Gastropoda	Stylommatophora	Xanthonychidae	Monadenia	Monadenia setosa	40.78404	-123.34985			5191178	1	0	0	1213	399	12	1	VU	42.1	-14.2	14.262465753424658	3.315068493150685							
1978	Gastropoda	Stylommatophora	Xanthonychidae	Monadenia	Monadenia setosa	40.79306	-123.35472			5191178	1	0	0	1213	399	12	1	VU	41.8	-14.5	13.44986301369863	3.1542465753424658							
