1850	Gastropoda	Stylommatophora	Hygromiidae	Monacha	Monacha atacis	44.02225	1.36409			8250878	1	0	0	1213	399	36	4	LC											
1957	Gastropoda	Stylommatophora	Hygromiidae	Monacha	Monacha atacis					8250878	1	0	0	1213	399	36	4	LC											
1958	Gastropoda	Stylommatophora	Hygromiidae	Monacha	Monacha atacis					8250878	1	0	0	1213	399	36	4	LC											
1959	Gastropoda	Stylommatophora	Hygromiidae	Monacha	Monacha atacis					8250878	1	0	0	1213	399	36	4	LC											
2009	Gastropoda	Stylommatophora	Hygromiidae	Monacha	Monacha atacis					8250878	1	0	0	1213	399	36	4	LC											
2017	Gastropoda	Stylommatophora	Hygromiidae	Monacha	Monacha atacis	42.525	1.520833	1120.0		8250878	1	0	0	1213	399	36	4	LC	30.8	-12.9	10.43972602739726	1.629041095890411							
2018	Gastropoda	Stylommatophora	Hygromiidae	Monacha	Monacha atacis	42.455925	2.067221			8250878	1	0	0	1213	399	36	4	LC	24.9	-19.6	7.313972602739726	4.412602739726028							
