1913	Gastropoda	Stylommatophora	Geomitridae	Monilearia	Monilearia monilifera	42.63519	-3.19035			4562885	1	0	0	1213	399	26	1	LC											
1988	Gastropoda	Stylommatophora	Geomitridae	Monilearia	Monilearia monilifera					4562885	1	0	0	1213	399	26	1	LC											
2005	Gastropoda	Stylommatophora	Geomitridae	Monilearia	Monilearia monilifera	28.4267	-14.1408			4562885	1	0	0	1213	399	26	1	LC	35.0	10.8	20.021095890410958	0.2432876712328767							
2006	Gastropoda	Stylommatophora	Geomitridae	Monilearia	Monilearia monilifera	28.35021	-14.10923			4562885	1	0	0	1213	399	26	1	LC	32.4	10.1	19.96876712328767	0.23205479452054795							
