1852	Gastropoda	Littorinimorpha	Cymatiidae	Monoplex	Monoplex parthenopaeum	-33.9	151.183333		21.6	5784107	1	0	0	1213	88	1	1	LR/lc											
1930	Gastropoda	Littorinimorpha	Cymatiidae	Monoplex	Monoplex parthenopaeum	28.0	-15.5			5784107	1	0	0	1213	88	1	1	LR/lc											
1965	Gastropoda	Littorinimorpha	Cymatiidae	Monoplex	Monoplex parthenopaeum	37.716667	-25.45		91.44	5784107	1	0	0	1213	88	1	1	LR/lc	26.6	8.8	17.674520547945207	2.3153424657534245							
1982	Gastropoda	Littorinimorpha	Cymatiidae	Monoplex	Monoplex parthenopaeum	25.2817	-83.7197		88.2	5784107	1	0	0	1213	88	1	1	LR/lc	29.6	15.2	24.80054794520548	2.9095890410958902							
1984	Gastropoda	Littorinimorpha	Cymatiidae	Monoplex	Monoplex parthenopaeum	-33.97	151.17			5784107	1	0	0	1213	88	1	1	LR/lc	32.6	5.3	17.056830601092898	2.639071038251366							
