1972	Gastropoda	Stylommatophora	Clausiliidae	Montenegrina	Montenegrina zilchi					4570836	1	0	0	1213	399	39	1	NT											
2013	Gastropoda	Stylommatophora	Clausiliidae	Montenegrina	Montenegrina zilchi	39.459999	21.6			4570836	1	0	0	1213	399	39	1	NT	38.7	-4.7	15.435068493150684	2.1071232876712327							
