1912	Gastropoda	Cycloneritida	Hydrocenidae	Monterissa	Monterissa gowerensis	-31.59166	159.07166			4615882	1	0	0	1213	30	2	393	VU											
1914	Gastropoda	Cycloneritida	Hydrocenidae	Monterissa	Monterissa gowerensis	-31.56777	159.08249			4615882	1	0	0	1213	30	2	393	VU											
1915	Gastropoda	Cycloneritida	Hydrocenidae	Monterissa	Monterissa gowerensis	-31.59249	159.07193			4615882	1	0	0	1213	30	2	393	VU											
1950	Gastropoda	Cycloneritida	Hydrocenidae	Monterissa	Monterissa gowerensis	-31.51804	159.04444			4615882	1	0	0	1213	30	2	393	VU	23.8	12.9	19.33890410958904	2.8079452054794523							
2001	Gastropoda	Cycloneritida	Hydrocenidae	Monterissa	Monterissa gowerensis	-31.57416	159.08388			4615882	1	0	0	1213	30	2	393	V	22.0	10.5	16.84794520547945	3.6745205479452054							
2002	Gastropoda	Cycloneritida	Hydrocenidae	Monterissa	Monterissa gowerensis	-31.58555	159.06971			4615882	1	0	0	1213	30	2	393	V	24.5	13.8	19.602465753424656	2.570958904109589							
