1978	Bivalvia	Sphaeriida	Sphaeriidae	Musculium	Musculium argentinum					7643346	4	0	0	1213	44	44	6	LC											
1989	Bivalvia	Sphaeriida	Sphaeriidae	Musculium	Musculium argentinum	-34.8473	-56.05402			10697816	4	0	0	1213	44	44	6	LC	33.4	2.9	17.0813698630137	2.055890410958904							
