1931	Bivalvia	Unionida	Iridinidae	Mutela	Mutela hargeri					8938561	2	0	0	1213	179	1	1	LC											
1990	Bivalvia	Unionida	Iridinidae	Mutela	Mutela hargeri					5782147	2	0	0	1213	179	1	1	LC											
1991	Bivalvia	Unionida	Iridinidae	Mutela	Mutela hargeri	-8.7833	28.65			5782147	2	0	0	1213	179	1	1	LC	32.0	16.6	23.615616438356163	3.992876712328767							
2007	Bivalvia	Unionida	Iridinidae	Mutela	Mutela hargeri	-11.345	29.562			5782147	2	0	0	1213	179	1	1	LC	33.8	11.4	22.08	3.1586301369863015							
2008	Bivalvia	Unionida	Iridinidae	Mutela	Mutela hargeri	-11.344	29.564			5782147	2	0	0	1213	179	1	1	LC	33.8	10.7	21.85655737704918	3.376502732240437							
2009	Bivalvia	Unionida	Iridinidae	Mutela	Mutela hargeri	-9.37	28.682			5782147	2	0	0	1213	179	1	1	LC	33.3	14.7	23.822739726027397	3.475890410958904							
