1929	Bivalvia	Unionida	Iridinidae	Mutela	Mutela mabilli					5782151	3	0	0	1213	179	1	1	LC											
1973	Bivalvia	Unionida	Iridinidae	Mutela	Mutela mabilli	-17.91	30.81			5782151	3	0	0	1213	179	1	1	LC	32.4	5.1	19.07917808219178	1.896986301369863							
1976	Bivalvia	Unionida	Iridinidae	Mutela	Mutela mabilli	-16.583333	29.033333			5782151	3	0	0	1213	179	1	1	LC	38.0	9.3	22.77896174863388	3.3							
