1800	Gastropoda	Stylommatophora	Clausiliidae	Muticaria	Muticaria macrostoma					10917076	1	0	0	1213	399	39	5	LC											
1996	Gastropoda	Stylommatophora	Clausiliidae	Muticaria	Muticaria macrostoma					4570442	1	0	0	1213	399	39	5	LC											
1998	Gastropoda	Stylommatophora	Clausiliidae	Muticaria	Muticaria macrostoma	35.92	14.35			4570442	1	0	0	1213	399	39	5	LC	29.7	8.1	18.753972602739726	0.684931506849315							
2001	Gastropoda	Stylommatophora	Clausiliidae	Muticaria	Muticaria macrostoma	35.9639	14.3911			4570442	1	0	0	1213	399	39	5	LC	28.4	7.0	19.027397260273972	0.7093150684931507							
2007	Gastropoda	Stylommatophora	Clausiliidae	Muticaria	Muticaria macrostoma	35.91667	14.43333			4570442	1	0	0	1213	399	39	5	LC	30.3	7.6	19.096712328767122	1.2961643835616439							
