1927	Cephalopoda	Octopoda	Enteroctopodidae	Muusoctopus	Muusoctopus eureka	-49.008333	-61.966667		145.5	2289396	2	0	0	366	161	27	21	LC											
1962	Cephalopoda	Octopoda	Enteroctopodidae	Muusoctopus	Muusoctopus eureka	-53.908	-64.733		109.5	2289396	2	0	0	366	161	27	21	LC	12.4	-0.2	6.879178082191781	1.3010958904109589							
1964	Cephalopoda	Octopoda	Enteroctopodidae	Muusoctopus	Muusoctopus eureka	-52.508	-67.233		82.0	2289396	2	0	0	366	161	27	21	LC	13.6	-0.3	6.981967213114754	1.1204918032786886							
1968	Cephalopoda	Octopoda	Enteroctopodidae	Muusoctopus	Muusoctopus eureka	-49.592	178.883		90.5	2289396	2	0	0	366	161	27	21	LC	13.8	2.1	7.790710382513661	2.1920765027322404							
1992	Cephalopoda	Octopoda	Enteroctopodidae	Muusoctopus	Muusoctopus eureka					6521546	2	0	0	366	161	27	21	LC											
2002	Cephalopoda	Octopoda	Enteroctopodidae	Muusoctopus	Muusoctopus eureka	-52.512001	-58.352001		174.0	6521546	2	0	0	366	161	27	21	LC	14.2	-1.6	5.950958904109589	1.8715068493150686							
2003	Cephalopoda	Octopoda	Enteroctopodidae	Muusoctopus	Muusoctopus eureka	-51.169998	-56.98			6521546	2	0	0	366	161	27	21	LC	13.2	-0.3	6.843835616438356	1.5632876712328767							
2006	Cephalopoda	Octopoda	Enteroctopodidae	Muusoctopus	Muusoctopus eureka					6521546	2	0	0	366	161	27	21	LC											
