1965	Gastropoda	Stylommatophora	Enidae	Napaeus	Napaeus rupicola					4566093	1	0	0	1213	399	9	1	VU											
2016	Gastropoda	Stylommatophora	Enidae	Napaeus	Napaeus rupicola	28.1741	-17.183	50.0		4566093	1	0	0	1213	399	9	1	VU	28.4	12.7	21.59672131147541	0.3653005464480874							
