1972	Gastropoda	Littorinimorpha	Pomatiopsidae	Neoprososthenia	Neoprososthenia hanseni	14.1	105.85			9682228	3	0	0	1213	88	2	4	LC	35.4	14.9	25.82704918032787	6.536338797814207							
