1969	Gastropoda	Littorinimorpha	Pomatiopsidae	Neoprososthenia	Neoprososthenia iijimai	15.383333	105.5			4608916	3	0	0	1213	88	2	1	LC	37.6	14.9	26.48027397260274	4.42986301369863							
