1969	Gastropoda	Littorinimorpha	Pomatiopsidae	Neotricula	Neotricula aperta					4608794	3	0	0	1213	88	2	1	LC											
1972	Gastropoda	Littorinimorpha	Pomatiopsidae	Neotricula	Neotricula aperta					4608794	3	0	0	1213	88	2	1	LC											
1973	Gastropoda	Littorinimorpha	Pomatiopsidae	Neotricula	Neotricula aperta	14.15	105.816667			4608794	3	0	0	1213	88	2	1	LC	38.4	12.4	26.345753424657534	4.457534246575342							
2005	Gastropoda	Littorinimorpha	Pomatiopsidae	Neotricula	Neotricula aperta	15.246187	104.847234			9807513	3	0	0	1213	88	2	1	LC	38.1	13.0	26.88986301369863	3.33972602739726							
