1914	Gastropoda	Stylommatophora	Achatinellidae	Newcombia	Newcombia philippiana	21.143333	-157.015			5782945	0	0	0	1213	399	11	2	EX											
1964	Gastropoda	Stylommatophora	Achatinellidae	Newcombia	Newcombia philippiana	21.1333	-157.007553	457.0		5782945	0	0	0	1213	399	11	2	EX	26.2	18.7	22.41967213114754	0.6128415300546448							
