1910	Bivalvia	Unionida	Unionidae	Nitia	Nitia acuminata					7634508	4	0	0	1213	179	165	1	LC											
1948	Bivalvia	Unionida	Unionidae	Nitia	Nitia acuminata	1.8203	31.3261			7634508	4	0	0	1213	179	165	1	LC	33.9	19.1	24.312295081967214	5.977868852459016							
1958	Bivalvia	Unionida	Unionidae	Nitia	Nitia acuminata	1.4	30.433333			9502619	4	0	0	1213	179	165	1	LC	34.6	19.5	25.32958904109589	2.186027397260274							
