1910	Bivalvia	Unionida	Unionidae	Nitia	Nitia teretiuscula					5782253	2	0	0	1213	179	165	1	LC											
1920	Bivalvia	Unionida	Unionidae	Nitia	Nitia teretiuscula					5782253	2	0	0	1213	179	165	1	LC											
1942	Bivalvia	Unionida	Unionidae	Nitia	Nitia teretiuscula	-0.23	32.630001			5782253	2	0	0	1213	179	165	1	LC	19.7	11.4	15.592602739726027	5.065205479452055							
1953	Bivalvia	Unionida	Unionidae	Nitia	Nitia teretiuscula					5782253	2	0	0	1213	179	165	1	LC											
1978	Bivalvia	Unionida	Unionidae	Nitia	Nitia teretiuscula	13.5	32.5			5782253	2	0	0	1213	179	165	1	LC	43.2	12.8	28.323013698630138	1.0531506849315069							
2004	Bivalvia	Unionida	Unionidae	Nitia	Nitia teretiuscula	30.01	31.21			5782253	2	0	0	1213	179	165	1	LC	42.1	4.5	21.716666666666665	0.0453551912568306							
2006	Bivalvia	Unionida	Unionidae	Nitia	Nitia teretiuscula	30.118	31.236			5782253	2	0	0	1213	179	165	1	LC	40.6	4.5	21.602465753424656	0.028493150684931506							
