1912	Bivalvia	Unionida	Unionidae	Nitia	Nitia monceti					5782251	3	0	0	1213	179	165	4	LC											
1923	Bivalvia	Unionida	Unionidae	Nitia	Nitia monceti					5782251	3	0	0	1213	179	165	4	LC											
1964	Bivalvia	Unionida	Unionidae	Nitia	Nitia monceti	0.116667	32.616667			5782251	3	0	0	1213	179	165	4	LC	25.9	17.0	21.23032786885246	5.30327868852459							
1985	Bivalvia	Unionida	Unionidae	Nitia	Nitia monceti	-1.0	33.0			5782251	3	0	0	1213	179	165	4	LC	19.1	11.0	15.10958904109589	7.617260273972603							
