1800	Gastropoda	Architaenioglossa	Cochlostomatidae	Obscurella	Obscurella nouleti					4561897	1	0	0	1213	63	17	10	LC											
1980	Gastropoda	Architaenioglossa	Cochlostomatidae	Obscurella	Obscurella nouleti	42.73494	0.62699	700.0		4561897	1	0	0	1213	63	17	10	LC	30.6	-16.4	8.625136612021858	3.9994535519125685							
1983	Gastropoda	Architaenioglossa	Cochlostomatidae	Obscurella	Obscurella nouleti	42.83414	1.62195	545.0		4561897	1	0	0	1213	63	17	10	LC	34.3	-17.5	11.514246575342465	2.8553424657534245							
1995	Gastropoda	Architaenioglossa	Cochlostomatidae	Obscurella	Obscurella nouleti	42.91667	0.7			4561897	1	0	0	1213	63	17	10	LC	30.0	-12.1	8.582191780821917	3.3153424657534245							
