1869	Gastropoda	Architaenioglossa	Cochlostomatidae	Obscurella	Obscurella obscura					9564664	1	0	0	1213	63	17	10	LC											
1874	Gastropoda	Architaenioglossa	Cochlostomatidae	Obscurella	Obscurella obscura	42.66667	1.0			9395376	1	0	0	1213	63	17	10	LC											
1978	Gastropoda	Architaenioglossa	Cochlostomatidae	Obscurella	Obscurella obscura	42.701	0.001	1400.0		9395376	1	0	0	1213	63	17	10	LC	25.2	-19.4	3.5005479452054793	3.8126027397260276							
1990	Gastropoda	Architaenioglossa	Cochlostomatidae	Obscurella	Obscurella obscura	43.23	-0.972			9395376	1	0	0	1213	63	17	10	LC	33.8	-3.5	12.564383561643835	3.066849315068493							
