1929	Cephalopoda	Octopoda	Octopodidae	Octopus	Octopus oculifer					2289628	1	0	0	366	161	60	23	LC											
1932	Cephalopoda	Octopoda	Octopodidae	Octopus	Octopus oculifer					2289628	1	0	0	366	161	60	23	LC											
1941	Cephalopoda	Octopoda	Octopodidae	Octopus	Octopus oculifer					2289628	1	0	0	366	161	60	23	LC											
1952	Cephalopoda	Octopoda	Octopodidae	Octopus	Octopus oculifer	1.0	-90.0			2289628	1	0	0	366	161	60	23	LC	27.3	21.0	23.613387978142075	0.4540983606557377							
1953	Cephalopoda	Octopoda	Octopodidae	Octopus	Octopus oculifer	-0.42	-91.5			2289628	1	0	0	366	161	60	23	LC	27.5	17.4	20.702739726027396	2.9676712328767123							
2011	Cephalopoda	Octopoda	Octopodidae	Octopus	Octopus oculifer					2289628	1	0	0	366	161	60	23	LC											
