1869	Gastropoda	Stylommatophora	Camaenidae	Offachloritis	Offachloritis dryanderensis	-20.25	148.55			2294298	1	0	0	1213	399	15	3	VU											
1983	Gastropoda	Stylommatophora	Camaenidae	Offachloritis	Offachloritis dryanderensis	-20.233333	148.55			2294298	1	0	0	1213	399	15	3	VU	33.2	7.4	20.74027397260274	2.1032876712328767							
1987	Gastropoda	Stylommatophora	Camaenidae	Offachloritis	Offachloritis dryanderensis	-20.265243	148.600819			2294298	1	0	0	1213	399	15	3	VU	32.7	9.5	22.622191780821918	1.4298630136986301							
1990	Gastropoda	Stylommatophora	Camaenidae	Offachloritis	Offachloritis dryanderensis	-20.283333	148.591667			2294298	1	0	0	1213	399	15	3	VU	36.4	10.1	22.57068493150685	5.056986301369863							
1995	Gastropoda	Stylommatophora	Camaenidae	Offachloritis	Offachloritis dryanderensis	-20.279444	148.576667			2294298	1	0	0	1213	399	15	3	VU	38.6	10.8	23.388219178082192	1.415068493150685							
