1977	Gastropoda	Littorinimorpha	Assimineidae	Omphalotropis	Omphalotropis moussoni	-18.75	179.5333			10674740	2	0	0	1213	88	6	7	LC	28.3	19.2	24.56684931506849	4.683287671232876							
