2002	Gastropoda	Littorinimorpha	Tateidae	Opacuincola	Opacuincola delira					7554986	1	0	0	1213	88	6	1	LC											
2019	Gastropoda	Littorinimorpha	Tateidae	Opacuincola	Opacuincola delira	-41.15	172.19			7554986	1	0	0	1213	88	6	1	LC	23.0	0.6	12.402739726027397	7.4082191780821915							
