1874	Gastropoda	Stylommatophora	Orculidae	Orcula	Orcula conica					8808681	4	0	0	1213	399	4	2	LC											
1966	Gastropoda	Stylommatophora	Orculidae	Orcula	Orcula conica					8808681	4	0	0	1213	399	4	2	LC											
2000	Gastropoda	Stylommatophora	Orculidae	Orcula	Orcula conica	46.4667	14.4333			8808681	4	0	0	1213	399	4	2	LC	27.2	-26.0	7.01448087431694	2.690983606557377							
