1970	Gastropoda	Stylommatophora	Orculidae	Orcula	Orcula restituta					9011555	2	0	0	1213	399	4	2	LC											
2000	Gastropoda	Stylommatophora	Orculidae	Orcula	Orcula restituta	46.445	14.6856			9011555	2	0	0	1213	399	4	2	LC	25.0	-28.2	4.441256830601093	2.5147540983606556							
