1966	Gastropoda	Stylommatophora	Camaenidae	Ordtrachia	Ordtrachia septentrionalis	-16.4	129.0			2294382	1	0	0	1213	399	15	1	LR/nt	41.6	12.8	28.50794520547945	2.364109589041096							
1976	Gastropoda	Stylommatophora	Camaenidae	Ordtrachia	Ordtrachia septentrionalis					2294382	1	0	0	1213	399	15	1	LR/nt											
1980	Gastropoda	Stylommatophora	Camaenidae	Ordtrachia	Ordtrachia septentrionalis	-16.5	129.0			2294382	1	0	0	1213	399	15	1	LR/nt	41.9	12.4	28.70464480874317	2.0103825136612024							
1984	Gastropoda	Stylommatophora	Camaenidae	Ordtrachia	Ordtrachia septentrionalis	-16.4728	129.0286			2294382	1	0	0	1213	399	15	1	LR/nt	43.4	10.7	27.92814207650273	2.5775956284153008							
1985	Gastropoda	Stylommatophora	Camaenidae	Ordtrachia	Ordtrachia septentrionalis	-16.46194	129.03056			2294382	1	0	0	1213	399	15	1	LR/nt	43.7	9.7	28.381643835616437	1.6717808219178083							
