1975	Gastropoda	Stylommatophora	Oxychilidae	Oxychilus	Oxychilus miceui					9159218	1	0	0	1213	399	18	13	NT											
1987	Gastropoda	Stylommatophora	Oxychilidae	Oxychilus	Oxychilus miceui	38.733333	-27.316667			9159218	1	0	0	1213	399	18	13	NT	18.9	3.2	11.472054794520547	3.3224657534246576							
