1976	Gastropoda	Stylommatophora	Oxychilidae	Oxychilus	Oxychilus navarricus					5778483	11	0	0	1213	399	18	13	LC											
1981	Gastropoda	Stylommatophora	Oxychilidae	Oxychilus	Oxychilus navarricus	43.32	-1.826			5778483	11	0	0	1213	399	18	13	LC	31.3	0.1	13.786849315068492	4.03013698630137							
1994	Gastropoda	Stylommatophora	Oxychilidae	Oxychilus	Oxychilus navarricus					5778483	11	0	0	1213	399	18	13	LC											
2012	Gastropoda	Stylommatophora	Oxychilidae	Oxychilus	Oxychilus navarricus			84.0		5778483	11	0	0	1213	399	18	13	LC											
2015	Gastropoda	Stylommatophora	Oxychilidae	Oxychilus	Oxychilus navarricus	51.248665	-0.321065			5778483	11	0	0	1213	399	18	13	LC	30.6	-3.9	11.011780821917808	1.813972602739726							
