1909	Gastropoda	Stylommatophora	Succineidae	Oxyloma	Oxyloma kanabense	37.269727	-112.519447			5191192	1	0	0	1213	399	1	3	CR											
1975	Gastropoda	Stylommatophora	Succineidae	Oxyloma	Oxyloma kanabense	37.548446	-112.487893			5191192	1	0	0	1213	399	1	3	CR	30.8	-20.3	5.894520547945206	1.1704109589041096							
