1880	Gastropoda		Hemisinidae	Pachymelania	Pachymelania byronensis					5725595	9	0	0	1213	399	16	10	LC											
1926	Gastropoda		Hemisinidae	Pachymelania	Pachymelania byronensis					5725595	9	0	0	1213	399	16	10	LC											
1943	Gastropoda		Hemisinidae	Pachymelania	Pachymelania byronensis	5.773847	0.672013			5725595	9	0	0	1213	399	16	10	LC	30.4	21.2	25.934246575342467	2.259178082191781							
1953	Gastropoda		Hemisinidae	Pachymelania	Pachymelania byronensis	7.526389	-12.505			5725595	9	0	0	1213	399	16	10	LC	31.0	22.1	25.827945205479452	10.597260273972603							
1960	Gastropoda		Hemisinidae	Pachymelania	Pachymelania byronensis	6.06	0.43			5725595	9	0	0	1213	399	16	10	LC	36.3	21.1	26.618579234972678	2.5259562841530054							
1961	Gastropoda		Hemisinidae	Pachymelania	Pachymelania byronensis					5725595	9	0	0	1213	399	16	10	LC											
1978	Gastropoda		Hemisinidae	Pachymelania	Pachymelania byronensis	4.378199	-7.710813			5725595	9	0	0	1213	399	16	10	LC	29.9	21.5	25.261369863013698	5.935342465753425							
1990	Gastropoda		Hemisinidae	Pachymelania	Pachymelania byronensis					5725595	9	0	0	1213	399	16	10	LC											
1994	Gastropoda		Hemisinidae	Pachymelania	Pachymelania byronensis					5725595	9	0	0	1213	399	16	10	LC											
