1919	Gastropoda	Stylommatophora	Cerastidae	Pachnodus	Pachnodus velutinus					5783529	0	0	0	1213	399	1	11	EX											
1991	Gastropoda	Stylommatophora	Cerastidae	Pachnodus	Pachnodus velutinus	-4.64514	55.43364			5783529	0	0	0	1213	399	1	11	EX	24.7	18.8	21.624383561643835	2.996986301369863							
1992	Gastropoda	Stylommatophora	Cerastidae	Pachnodus	Pachnodus velutinus	-4.64514	55.43364			5783529	0	0	0	1213	399	1	11	EX	24.1	18.4	21.404644808743168	3.5901639344262297							
