1968	Gastropoda	Littorinimorpha	Pomatiopsidae	Pachydrobia	Pachydrobia variabilis	14.1	105.85			7760299	3	0	0	1213	88	2	2	LC	38.1	15.7	26.560382513661203	4.223497267759563							
1969	Gastropoda	Littorinimorpha	Pomatiopsidae	Pachydrobia	Pachydrobia variabilis					7760299	3	0	0	1213	88	2	2	LC											
1972	Gastropoda	Littorinimorpha	Pomatiopsidae	Pachydrobia	Pachydrobia variabilis	19.75066	101.95213			7760299	3	0	0	1213	88	2	2	LC	36.5	11.2	24.231967213114753	4.856284153005465							
