1968	Gastropoda	Stylommatophora	Pagodulinidae	Pagodulina	Pagodulina subdola					4567566	9	0	0	1213	399	1	1	LC											
2016	Gastropoda	Stylommatophora	Pagodulinidae	Pagodulina	Pagodulina subdola	44.40836	6.0298			4567566	9	0	0	1213	399	1	1	LC	30.5	-10.2	10.3	2.2841530054644807							
2019	Gastropoda	Stylommatophora	Pagodulinidae	Pagodulina	Pagodulina subdola	44.729855	6.764829			4567566	9	0	0	1213	399	1	1	LC	31.6	-14.4	7.1567123287671235	4.031232876712329							
