1961	Gastropoda	Stylommatophora	Pagodulinidae	Pagodulina	Pagodulina sparsa					4567574	7	0	0	1213	399	1	1	LC											
1978	Gastropoda	Stylommatophora	Pagodulinidae	Pagodulina	Pagodulina sparsa	46.49	14.27			4567574	7	0	0	1213	399	1	1	LC	22.7	-20.2	5.27013698630137	3.7194520547945205							
1979	Gastropoda	Stylommatophora	Pagodulinidae	Pagodulina	Pagodulina sparsa	46.57	13.81			4567574	7	0	0	1213	399	1	1	LC	26.6	-22.3	7.993424657534247	5.710958904109589							
