1908	Gastropoda		Paludomidae	Paludomus	Paludomus ajanensis	-4.583333	55.666667			5782678	1	0	0	1213	460	448	393	EN											
