1968	Gastropoda	Littorinimorpha	Pomatiopsidae	Paraprososthenia	Paraprososthenia fischerpiettei	15.57771	105.807434			4608914	2	0	0	1213	88	2	2	LC	38.1	13.8	25.80273224043716	5.011748633879781							
1969	Gastropoda	Littorinimorpha	Pomatiopsidae	Paraprososthenia	Paraprososthenia fischerpiettei	11.873174	104.849709			4608914	2	0	0	1213	88	2	2	LC	37.5	18.3	27.515342465753424	3.1934246575342464							
