1800	Gastropoda	Stylommatophora	Hygromiidae	Monacha	Paratheba fruticola	45.05	35.38			9090503	1	0	0	1213	399	36	4	LC											
1888	Gastropoda	Stylommatophora	Hygromiidae	Monacha	Paratheba fruticola	45.3504	34.485			8726188	1	0	0	1213	399	36	4	LC											
1985	Gastropoda	Stylommatophora	Hygromiidae	Monacha	Paratheba fruticola					8726188	1	0	0	1213	399	36	4	LC											
1987	Gastropoda	Stylommatophora	Hygromiidae	Monacha	Paratheba fruticola					8726188	1	0	0	1213	399	36	4	LC											
1989	Gastropoda	Stylommatophora	Hygromiidae	Monacha	Paratheba fruticola	44.45804	34.139645			9354922	1	0	0	1213	399	36	4	LC	29.8	-9.0	13.101369863013698	1.0512328767123287							
1998	Gastropoda	Stylommatophora	Hygromiidae	Monacha	Paratheba fruticola	44.418197	33.682564			8726188	1	0	0	1213	399	36	4	LC	34.0	-3.2	12.662465753424657	1.509041095890411							
2011	Gastropoda	Stylommatophora	Hygromiidae	Monacha	Paratheba fruticola	44.465	34.068			8726188	1	0	0	1213	399	36	4	LC	28.8	-12.1	6.810136986301369	1.3547945205479452							
