1968	Gastropoda	Littorinimorpha	Pomatiopsidae	Paraprososthenia	Paraprososthenia brandti	15.57771	105.807434			8970418	2	0	0	1213	88	2	1	NT	38.1	13.8	25.80273224043716	5.011748633879781							
