1800	Gastropoda	Stylommatophora	Partulidae	Partula	Partula garrettii	-16.791318	-151.472243			7640477	0	0	0	1213	399	2	2	EW											
1823	Gastropoda	Stylommatophora	Partulidae	Partula	Partula garrettii	-16.773676	-151.471604			7640477	0	0	0	1213	399	2	2	EW											
1908	Gastropoda	Stylommatophora	Partulidae	Partula	Partula garrettii					7640477	0	0	0	1213	399	2	2	EW											
1998	Gastropoda	Stylommatophora	Partulidae	Partula	Partula garrettii	-16.82666	-151.439587			7640477	0	0	0	1213	399	2	2	EW	27.2	20.3	24.19287671232877	4.624109589041096							
