1800	Gastropoda	Stylommatophora	Partulidae	Partula	Partula affinis	-17.53451	-149.400671			5783016	1	0	0	1213	399	2	2	CR											
1909	Gastropoda	Stylommatophora	Partulidae	Partula	Partula affinis					5783016	1	0	0	1213	399	2	2	CR											
1970	Gastropoda	Stylommatophora	Partulidae	Partula	Partula affinis					5783016	1	0	0	1213	399	2	2	CR											
1995	Gastropoda	Stylommatophora	Partulidae	Partula	Partula affinis	-17.694835	-149.367603			5783016	1	0	0	1213	399	2	2	CR	25.9	16.2	22.052054794520547	4.742739726027398							
2012	Gastropoda	Stylommatophora	Partulidae	Partula	Partula affinis	-17.87	-149.16			5783016	1	0	0	1213	399	2	2	CR	27.7	20.1	23.949726775956282	6.06448087431694							
