1923	Gastropoda	Stylommatophora	Partulidae	Partula	Partula mirabilis					5783024	0	0	0	1213	399	2	2	EW											
1970	Gastropoda	Stylommatophora	Partulidae	Partula	Partula mirabilis	-17.520238	-149.833333			5783024	0	0	0	1213	399	2	2	EW	27.0	21.1	24.603835616438356	6.7934246575342465							
