1903	Gastropoda	Stylommatophora	Partulidae	Partula	Partula auraniana	-13.133333	166.55			8755375	1	0	0	1213	399	2	2	EN											
1958	Gastropoda	Stylommatophora	Partulidae	Partula	Partula auraniana					8755375	1	0	0	1213	399	2	2	EN											
2007	Gastropoda	Stylommatophora	Partulidae	Partula	Partula auraniana	-13.2038	166.595			8755375	1	0	0	1213	399	2	2	EN	28.9	24.1	26.45260273972603	6.954794520547945							
