1916	Gastropoda	Stylommatophora	Partulidae	Partula	Partula micans	-10.175068	161.683002			8972221	2	0	0	1213	399	2	2	LC											
1930	Gastropoda	Stylommatophora	Partulidae	Partula	Partula micans	-6.680436	156.428118			8972221	2	0	0	1213	399	2	2	LC											
1943	Gastropoda	Stylommatophora	Partulidae	Partula	Partula micans	-9.633333	160.2			8972221	2	0	0	1213	399	2	2	LC	28.1	19.6	22.36794520547945	15.1213698630137							
1944	Gastropoda	Stylommatophora	Partulidae	Partula	Partula micans	-9.632877	160.235314			8972221	2	0	0	1213	399	2	2	LC	28.6	21.6	23.98633879781421	16.19071038251366							
1945	Gastropoda	Stylommatophora	Partulidae	Partula	Partula micans	-9.057732	159.11769			8972221	2	0	0	1213	399	2	2	LC	29.3	24.6	26.74164383561644	8.636438356164383							
2005	Gastropoda	Stylommatophora	Partulidae	Partula	Partula micans					8972221	2	0	0	1213	399	2	2	LC											
2012	Gastropoda	Stylommatophora	Partulidae	Partula	Partula micans	-9.422708	159.902039			8972221	2	0	0	1213	399	2	2	LC	31.2	23.5	26.76912568306011	8.902732240437158							
