1800	Gastropoda	Stylommatophora	Partulidae	Partula	Partula mooreana	-16.764588	-150.97873			5783011	0	0	0	1213	399	2	2	EW											
1919	Gastropoda	Stylommatophora	Partulidae	Partula	Partula mooreana					5783011	0	0	0	1213	399	2	2	EW											
1923	Gastropoda	Stylommatophora	Partulidae	Partula	Partula mooreana					5783011	0	0	0	1213	399	2	2	EW											
1931	Gastropoda	Stylommatophora	Partulidae	Partula	Partula mooreana					5783011	0	0	0	1213	399	2	2	EW											
1933	Gastropoda	Stylommatophora	Partulidae	Partula	Partula mooreana					5783011	0	0	0	1213	399	2	2	EW											
1970	Gastropoda	Stylommatophora	Partulidae	Partula	Partula mooreana	-17.538969	-149.809981			5783011	0	0	0	1213	399	2	2	EW	23.9	18.0	21.503287671232876	6.7934246575342465							
1982	Gastropoda	Stylommatophora	Partulidae	Partula	Partula mooreana					5783011	0	0	0	1213	399	2	2	EW											
1983	Gastropoda	Stylommatophora	Partulidae	Partula	Partula mooreana	-17.5	-149.8			5783011	0	0	0	1213	399	2	2	EW	25.9	18.1	22.733698630136985	3.765753424657534							
1985	Gastropoda	Stylommatophora	Partulidae	Partula	Partula mooreana	-17.520238	-149.833333			5783011	0	0	0	1213	399	2	2	EW	27.5	21.2	24.60958904109589	3.71013698630137							
