1889	Gastropoda	Stylommatophora	Punctidae	Pasmaditta	Pasmaditta jungermanniae	-41.4313	147.1785			5190824	1	0	0	1213	399	15	1	VU											
1975	Gastropoda	Stylommatophora	Punctidae	Pasmaditta	Pasmaditta jungermanniae	-41.4461	147.11943			5190824	1	0	0	1213	399	15	1	VU	32.0	-2.1	11.566849315068493	2.646301369863014							
1983	Gastropoda	Stylommatophora	Punctidae	Pasmaditta	Pasmaditta jungermanniae	-41.45	147.11666			5190824	1	0	0	1213	399	15	1	VU	33.1	-3.3	11.693698630136986	1.7876712328767124							
1984	Gastropoda	Stylommatophora	Punctidae	Pasmaditta	Pasmaditta jungermanniae	-41.35833	146.91666			5190824	1	0	0	1213	399	15	1	VU	26.0	-3.5	9.953005464480874	2.2185792349726774							
2000	Gastropoda	Stylommatophora	Punctidae	Pasmaditta	Pasmaditta jungermanniae	-41.45	147.11666			5190824	1	0	0	1213	399	15	1	VU	32.3	-2.3	12.194262295081968	1.7989071038251365							
