1939	Gastropoda	Stylommatophora	Enidae	Pene	Pene galilaea	33.07	35.16			5783241	1	0	0	1213	399	9	1	CR											
1944	Gastropoda	Stylommatophora	Enidae	Pene	Pene galilaea	33.06	35.22			5783241	1	0	0	1213	399	9	1	CR	36.6	3.6	17.73415300546448	1.6825136612021858							
1950	Gastropoda	Stylommatophora	Enidae	Pene	Pene galilaea	33.06	35.22			5783241	1	0	0	1213	399	9	1	CR	32.8	-0.2	17.986849315068493	1.5775342465753424							
1970	Gastropoda	Stylommatophora	Enidae	Pene	Pene galilaea	33.02	35.27			5783241	1	0	0	1213	399	9	1	CR	37.0	2.2	17.427945205479453	1.766027397260274							
1971	Gastropoda	Stylommatophora	Enidae	Pene	Pene galilaea	33.04	35.29			5783241	1	0	0	1213	399	9	1	CR	32.2	-0.5	16.483287671232876	2.8189041095890413							
