1866	Gastropoda	Stylommatophora	Charopidae	Penescosta	Penescosta mathewsi	-29.033	167.95			2296660	1	0	0	1213	399	6	3	CR											
1910	Gastropoda	Stylommatophora	Charopidae	Penescosta	Penescosta mathewsi	-29.016	167.933			2296660	1	0	0	1213	399	6	3	CR											
1925	Gastropoda	Stylommatophora	Charopidae	Penescosta	Penescosta mathewsi	-29.01404	167.93766			2296660	1	0	0	1213	399	6	3	CR											
1962	Gastropoda	Stylommatophora	Charopidae	Penescosta	Penescosta mathewsi	-29.016	167.933			2296660	1	0	0	1213	399	6	3	CR	23.5	13.2	18.676712328767124	2.361095890410959							
1963	Gastropoda	Stylommatophora	Charopidae	Penescosta	Penescosta mathewsi	-29.016	167.933			2296660	1	0	0	1213	399	6	3	CR	23.6	12.9	18.328219178082193	2.7290410958904108							
1979	Gastropoda	Stylommatophora	Charopidae	Penescosta	Penescosta mathewsi	-29.02582	167.9625			2296660	1	0	0	1213	399	6	3	CR	24.1	13.4	19.223561643835616	1.947945205479452							
1999	Gastropoda	Stylommatophora	Charopidae	Penescosta	Penescosta mathewsi	-29.02443	167.92971			2296660	1	0	0	1213	399	6	3	VU	24.3	13.6	19.505205479452055	3.050958904109589							
