1940	Gastropoda	Stylommatophora	Euconulidae	Philonesia	Philonesia filiceti	-25.069233	-130.105735			5783207	1	0	0	1213	399	1	393	VU											
1997	Gastropoda	Stylommatophora	Euconulidae	Philonesia	Philonesia filiceti	-25.07	-130.11			5783207	1	0	0	1213	399	1	393	VU	24.9	15.4	21.112876712328767	3.990958904109589							
