1922	Gastropoda		Physidae	Physella	Physella propinqua	37.87167	-122.27167			5189799	2	0	0	1213	88	2	1	LC											
1939	Gastropoda		Physidae	Physella	Physella propinqua	48.19167	-122.51389			5189799	2	0	0	1213	88	2	1	LC											
1951	Gastropoda		Physidae	Physella	Physella propinqua					5189799	2	0	0	1213	88	2	1	LC											
1960	Gastropoda		Physidae	Physella	Physella propinqua					5189799	2	0	0	1213	88	2	1	LC											
1983	Gastropoda		Physidae	Physella	Physella propinqua	46.06472	-118.34194			5189799	2	0	0	1213	88	2	1	LC	37.5	-21.4	11.368767123287672	1.08986301369863							
1993	Gastropoda		Physidae	Physella	Physella propinqua	45.3867	-110.702			5189799	2	0	0	1213	88	2	1	LC	28.6	-32.0	3.5915068493150684	2.0457534246575344							
1994	Gastropoda		Physidae	Physella	Physella propinqua	45.7433	-110.23			5189799	2	0	0	1213	88	2	1	LC	33.4	-26.4	6.121643835616438	1.5567123287671234							
1997	Gastropoda		Physidae	Physella	Physella propinqua	45.601667	-121.193333			5189799	2	0	0	1213	88	2	1	LC	37.7	-8.7	12.356438356164384	1.5673972602739725							
