1965	Bivalvia	Unionida	Unionidae	Physunio	Physunio modelli					8121243	2	0	0	366	179	165	6	LC											
1966	Bivalvia	Unionida	Unionidae	Physunio	Physunio modelli	16.956448	103.251214			8121243	2	0	0	366	179	165	6	LC	37.5	12.4	26.17041095890411	3.9375342465753427							
1967	Bivalvia	Unionida	Unionidae	Physunio	Physunio modelli	17.468536	104.7527			8121243	2	0	0	366	179	165	6	LC	38.5	6.7	24.784657534246577	4.909315068493151							
1973	Bivalvia	Unionida	Unionidae	Physunio	Physunio modelli	15.120221	105.798979			8121243	2	0	0	366	179	165	6	LC	38.5	10.6	25.706301369863013	5.331506849315068							
2015	Bivalvia	Unionida	Unionidae	Physunio	Physunio modelli	15.315337	103.62985			8121243	2	0	0	366	179	165	6	LC	39.7	13.6	27.345479452054793	3.0495890410958904							
2016	Bivalvia	Unionida	Unionidae	Physunio	Physunio modelli	17.287783	101.765735			8121243	2	0	0	366	179	165	6	LC	40.1	8.0	25.92978142076503	3.696174863387978							
2017	Bivalvia	Unionida	Unionidae	Physunio	Physunio modelli	15.75328	102.25225			8121243	2	0	0	366	179	165	6	LC	37.3	12.5	26.325205479452055	3.7413698630136984							
