1907	Gastropoda		Physidae	Physella	Physella johnsoni					5189829	1	0	0	1213	399	2	1	CR											
1912	Gastropoda		Physidae	Physella	Physella johnsoni	51.166667	-115.566667			5189829	1	0	0	1213	399	2	1	CR											
1926	Gastropoda		Physidae	Physella	Physella johnsoni					5189829	1	0	0	1213	399	2	1	CR											
1930	Gastropoda		Physidae	Physella	Physella johnsoni	51.166667	-115.566667			5189829	1	0	0	1213	399	2	1	CR											
1965	Gastropoda		Physidae	Physella	Physella johnsoni			1400.0		5189828	1	0	0	1213	399	2	1	CR											
