1885	Gastropoda		Physidae	Physella	Physella magnalacustris					5189791	2	0	0	1213	63	2	1	LC											
1939	Gastropoda		Physidae	Physella	Physella magnalacustris	44.475	-84.71667			5189791	2	0	0	1213	63	2	1	LC											
1948	Gastropoda		Physidae	Physella	Physella magnalacustris					5189791	2	0	0	1213	63	2	1	LC											
1951	Gastropoda		Physidae	Physella	Physella magnalacustris	45.068305	-87.088412			5189791	2	0	0	1213	63	2	1	LC	28.9	-26.6	6.21013698630137	2.7794520547945205							
