1924	Gastropoda	Architaenioglossa	Ampullariidae	Pila	Pila africana	-34.033333	24.9			5783763	3	0	0	1213	63	12	5	LC											
1943	Gastropoda	Architaenioglossa	Ampullariidae	Pila	Pila africana	5.554828	-0.200086			5783762	3	0	0	1213	63	12	5	LC	33.4	19.8	25.944931506849315	1.4791780821917808							
1952	Gastropoda	Architaenioglossa	Ampullariidae	Pila	Pila africana					5783762	3	0	0	1213	63	12	5	LC											
1959	Gastropoda	Architaenioglossa	Ampullariidae	Pila	Pila africana	8.05	-1.71			5783762	3	0	0	1213	63	12	5	LC	37.0	16.1	26.04191780821918	3.7816438356164386							
1960	Gastropoda	Architaenioglossa	Ampullariidae	Pila	Pila africana					5783762	3	0	0	1213	63	12	5	LC											
1961	Gastropoda	Architaenioglossa	Ampullariidae	Pila	Pila africana	7.21	-2.18			5783762	3	0	0	1213	63	12	5	LC	37.0	17.1	25.87178082191781	2.0112328767123286							
1965	Gastropoda	Architaenioglossa	Ampullariidae	Pila	Pila africana					5783762	3	0	0	1213	63	12	5	LC											
1978	Gastropoda	Architaenioglossa	Ampullariidae	Pila	Pila africana	6.99	-9.47			5783762	3	0	0	1213	63	12	5	LC	31.8	18.6	24.332876712328765	5.473972602739726							
1990	Gastropoda	Architaenioglossa	Ampullariidae	Pila	Pila africana					5783762	3	0	0	1213	63	12	5	LC											
