1910	Gastropoda	Architaenioglossa	Ampullariidae	Pila	Pila gracilis					7936267	5	0	0	1213	63	12	5	LC											
1949	Gastropoda	Architaenioglossa	Ampullariidae	Pila	Pila gracilis					7936267	5	0	0	1213	63	12	5	LC											
1966	Gastropoda	Architaenioglossa	Ampullariidae	Pila	Pila gracilis	7.198822	100.595098			7936267	5	0	0	1213	63	12	5	LC	31.6	22.9	26.61068493150685	6.675342465753425							
1987	Gastropoda	Architaenioglossa	Ampullariidae	Pila	Pila gracilis	8.816389	99.233333			7936267	5	0	0	1213	63	12	5	LC	38.1	19.7	26.495616438356166	5.243013698630137							
1989	Gastropoda	Architaenioglossa	Ampullariidae	Pila	Pila gracilis					7936267	5	0	0	1213	63	12	5	LC											
2007	Gastropoda	Architaenioglossa	Ampullariidae	Pila	Pila gracilis	14.796847	103.641954			7936267	5	0	0	1213	63	12	5	LC	38.2	14.4	26.489315068493152	3.3243835616438355							
