1943	Gastropoda	Architaenioglossa	Ampullariidae	Pila	Pila virens					5783753	1	0	0	1213	63	12	5	LC											
1967	Gastropoda	Architaenioglossa	Ampullariidae	Pila	Pila virens	12.5	92.75			5783753	1	0	0	1213	63	12	5	LC	31.6	18.3	25.412054794520547	7.308767123287671							
1970	Gastropoda	Architaenioglossa	Ampullariidae	Pila	Pila virens					5783753	1	0	0	1213	63	12	5	LC											
1979	Gastropoda	Architaenioglossa	Ampullariidae	Pila	Pila virens					5783753	1	0	0	1213	63	12	5	LC											
1985	Gastropoda	Architaenioglossa	Ampullariidae	Pila	Pila virens					5783753	1	0	0	1213	63	12	5	LC											
2001	Gastropoda	Architaenioglossa	Ampullariidae	Pila	Pila virens	6.30919	80.041965			5783753	1	0	0	1213	63	12	5	LC	30.2	19.4	26.145753424657535	7.675068493150685							
2015	Gastropoda	Architaenioglossa	Ampullariidae	Pila	Pila virens	20.27	85.839996			5783753	1	0	0	1213	63	12	5	LC	40.8	11.8	26.685205479452055	3.755068493150685							
2019	Gastropoda	Architaenioglossa	Ampullariidae	Pila	Pila virens	24.26	89.860001			5783753	1	0	0	1213	63	12	5	LC	36.0	10.4	25.188219178082193	5.1167123287671235							
