1941	Gastropoda	Stylommatophora	Bothriembryontidae	Placostylus	Placostylus graeffei	-18.0	178.0		838.2	10754804	1	0	0	1213	399	4	1	EN	30.5	17.9	24.235342465753426	3.731232876712329							
