1947	Gastropoda	Architaenioglossa	Diplommatinidae	Plectostoma	Plectostoma senex					5783822	1	0	0	1213	63	50	1	VU											
1997	Gastropoda	Architaenioglossa	Diplommatinidae	Plectostoma	Plectostoma senex	3.91	103.150002			8930976	1	0	0	1213	63	50	1	VU	34.5	20.1	25.84	5.148767123287671							
1998	Gastropoda	Architaenioglossa	Diplommatinidae	Plectostoma	Plectostoma senex	3.9065	103.1471			5783822	1	0	0	1213	63	50	1	VU	35.6	20.9	26.173698630136986	6.767123287671233							
2010	Gastropoda	Architaenioglossa	Diplommatinidae	Plectostoma	Plectostoma senex	3.91	103.150002			8930976	1	0	0	1213	63	50	1	VU	33.7	20.0	26.234520547945205	7.103561643835617							
