2010	Gastropoda	Architaenioglossa	Diplommatinidae	Plectostoma	Plectostoma christae	5.0	102.199997			9379117	1	0	0	1213	63	8	2	NT	35.9	18.9	26.08109589041096	5.80986301369863							
2011	Gastropoda	Architaenioglossa	Diplommatinidae	Plectostoma	Plectostoma christae	4.9	102.139999			9379117	1	0	0	1213	63	8	2	NT	31.1	18.1	23.835068493150686	7.049315068493151							
