2010	Gastropoda	Architaenioglossa	Diplommatinidae	Plectostoma	Plectostoma retrovertens	3.45	102.010002			9581613	1	0	0	1213	63	14	4	CR	33.9	20.4	25.773424657534246	4.159452054794521							
