1961	Gastropoda	Architaenioglossa	Diplommatinidae	Plectostoma	Plectostoma laidlawi					9031470	1	0	0	1213	63	18	13	VU											
1997	Gastropoda	Architaenioglossa	Diplommatinidae	Plectostoma	Plectostoma laidlawi	4.01	103.160004			9543821	1	0	0	1213	63	18	13	VU	34.5	20.0	25.792328767123287	5.148767123287671							
2010	Gastropoda	Architaenioglossa	Diplommatinidae	Plectostoma	Plectostoma laidlawi	5.04	102.199997			9543821	1	0	0	1213	63	18	13	VU	35.5	18.5	25.681643835616438	5.80986301369863							
2011	Gastropoda	Architaenioglossa	Diplommatinidae	Plectostoma	Plectostoma laidlawi	5.09	102.220001			9543821	1	0	0	1213	63	18	13	VU	32.1	18.8	24.855890410958903	6.2715068493150685							
