2010	Gastropoda	Architaenioglossa	Diplommatinidae	Plectostoma	Plectostoma sinyumensis	3.91	103.150002			9307186	1	0	0	1213	63	165	3	VU	33.7	20.0	26.234520547945205	7.103561643835617							
