1946	Bivalvia	Unionida	Iridinidae	Pleiodon	Pleiodon spekii					5782126	4	0	0	1213	179	1	2	LC											
1958	Bivalvia	Unionida	Iridinidae	Pleiodon	Pleiodon spekii					5782126	4	0	0	1213	179	1	2	LC											
1960	Bivalvia	Unionida	Iridinidae	Pleiodon	Pleiodon spekii					5782126	4	0	0	1213	179	1	2	LC											
1993	Bivalvia	Unionida	Iridinidae	Pleiodon	Pleiodon spekii	-4.1542	29.5064			5782126	4	0	0	1213	179	1	2	LC	29.0	20.8	24.476712328767125	6.409041095890411							
