1979	Gastropoda	Stylommatophora	Geomitridae	Plentuisa	Plentuisa vendia					4565810	1	0	0	1213	399	26	1	NT											
1990	Gastropoda	Stylommatophora	Geomitridae	Plentuisa	Plentuisa vendia	43.231702	-4.751888	980.0		4565810	1	0	0	1213	399	26	1	NT	27.6	-3.8	9.745753424657535	2.838630136986301							
