1895	Gastropoda		Pleuroceridae	Pleurocera	Pleurocera gradata	35.483406	-86.460272			5192882	1	0	0	1213	399	3	1	NT											
1924	Gastropoda		Pleuroceridae	Pleurocera	Pleurocera gradata	36.30236	-84.03335			5192882	1	0	0	1213	399	3	1	NT											
1929	Gastropoda		Pleuroceridae	Pleurocera	Pleurocera gradata	36.6146	-82.8404			5192882	1	0	0	1213	399	3	1	NT											
1930	Gastropoda		Pleuroceridae	Pleurocera	Pleurocera gradata	36.6497	-82.751404			5192882	1	0	0	1213	399	3	1	NT											
1955	Gastropoda		Pleuroceridae	Pleurocera	Pleurocera gradata	35.2252	-84.6271			5192882	1	0	0	1213	399	3	1	NT	35.6	-10.3	15.890958904109588	2.791232876712329							
1980	Gastropoda		Pleuroceridae	Pleurocera	Pleurocera gradata	36.4008	-83.4589			5192882	1	0	0	1213	399	3	1	NT	35.9	-16.0	13.937158469945356	2.8221311475409836							
