1905	Bivalvia	Unionida	Unionidae	Pleurobema	Pleurobema marshalli					2288107	1	0	0	1213	179	165	7	CR											
1935	Bivalvia	Unionida	Unionidae	Pleurobema	Pleurobema marshalli	32.694565	-88.115051			2288107	1	0	0	1213	179	165	7	CR											
1972	Bivalvia	Unionida	Unionidae	Pleurobema	Pleurobema marshalli	33.495536	-88.503777			2288107	1	0	0	1213	179	165	7	CR	36.4	-9.8	17.707377049180327	2.7710382513661203							
1973	Bivalvia	Unionida	Unionidae	Pleurobema	Pleurobema marshalli	32.85	-88.1589			2288107	1	0	0	1213	179	165	7	CR	35.0	-4.6	18.36027397260274	3.6106849315068494							
1974	Bivalvia	Unionida	Unionidae	Pleurobema	Pleurobema marshalli	32.85	-88.1589			2288107	1	0	0	1213	179	165	7	CR	34.5	-3.5	18.26027397260274	3.532054794520548							
1976	Bivalvia	Unionida	Unionidae	Pleurobema	Pleurobema marshalli	33.1365	-88.2975			2288107	1	0	0	1213	179	165	7	CR	36.7	-7.7	16.862841530054645	3.0114754098360654							
1977	Bivalvia	Unionida	Unionidae	Pleurobema	Pleurobema marshalli					2288107	1	0	0	1213	179	165	7	CR											
1978	Bivalvia	Unionida	Unionidae	Pleurobema	Pleurobema marshalli					2288107	1	0	0	1213	179	165	7	CR											
2003	Bivalvia	Unionida	Unionidae	Pleurobema	Pleurobema marshalli					2288107	1	0	0	1213	179	165	7	E											
