1901	Bivalvia	Unionida	Unionidae	Pleurobema	Pleurobema beadleianum					2288070	1	0	0	1213	179	165	7	LC											
1936	Bivalvia	Unionida	Unionidae	Pleurobema	Pleurobema beadleianum					2288070	1	0	0	1213	179	165	7	LC											
1960	Bivalvia	Unionida	Unionidae	Pleurobema	Pleurobema beadleianum	32.7835	-89.2278			2288070	1	0	0	1213	179	165	7	LC	37.1	-12.0	17.087704918032788	2.7114754098360656							
1977	Bivalvia	Unionida	Unionidae	Pleurobema	Pleurobema beadleianum	31.1088	-88.8188			2288070	1	0	0	1213	179	165	7	LC	37.7	-9.2	19.122739726027397	3.813150684931507							
1994	Bivalvia	Unionida	Unionidae	Pleurobema	Pleurobema beadleianum				0.5	2288070	1	0	0	1213	179	165	7	LC											
2000	Bivalvia	Unionida	Unionidae	Pleurobema	Pleurobema beadleianum	30.76	-90.68			2288070	1	0	0	1213	179	165	7	LC	40.8	-3.6	19.93606557377049	2.454098360655738							
