1998	Bivalvia	Venerida	Vesicomyidae	Pliocardia	Pliocardia crenulomarginata					6526092	1	0	0	366	13	5	1	CR											
2002	Bivalvia	Venerida	Vesicomyidae	Pliocardia	Pliocardia crenulomarginata	33.655	136.6323		2000.0	4371445	1	0	0	366	13	5	1	CR	29.2	4.2	18.28054794520548	5.62958904109589							
