1925	Gastropoda	Stylommatophora	Geomitridae	Ponentina	Ponentina subvirescens			350.0		4565722	2	0	0	1213	399	26	1	LC											
1940	Gastropoda	Stylommatophora	Geomitridae	Ponentina	Ponentina subvirescens					4565722	2	0	0	1213	399	26	1	LC											
1951	Gastropoda	Stylommatophora	Geomitridae	Ponentina	Ponentina subvirescens	50.09481	-5.69367			4565722	2	0	0	1213	399	26	1	LC	21.6	0.9	11.27890410958904	2.755068493150685							
1966	Gastropoda	Stylommatophora	Geomitridae	Ponentina	Ponentina subvirescens					4565722	2	0	0	1213	399	26	1	LC											
1973	Gastropoda	Stylommatophora	Geomitridae	Ponentina	Ponentina subvirescens	49.454831	-2.574854			4565722	2	0	0	1213	399	26	1	LC	18.7	2.1	10.966849315068494	1.9479452054794522							
1975	Gastropoda	Stylommatophora	Geomitridae	Ponentina	Ponentina subvirescens					4565722	2	0	0	1213	399	26	1	LC											
1998	Gastropoda	Stylommatophora	Geomitridae	Ponentina	Ponentina subvirescens	48.70031	-1.86139	5.0		4565722	2	0	0	1213	399	26	1	LC	29.5	-2.0	11.746027397260274	2.9912328767123286							
2013	Gastropoda	Stylommatophora	Geomitridae	Ponentina	Ponentina subvirescens	48.46877	-5.10758	65.0		4565722	2	0	0	1213	399	26	1	LC	19.2	2.4	12.053698630136987	2.6534246575342464							
