1940	Gastropoda		Pachychilidae	Potadoma	Potadoma ignobilis	-1.45	26.916667			5782567	2	0	0	1213	88	1	1	LC											
1949	Gastropoda		Pachychilidae	Potadoma	Potadoma ignobilis	5.03	21.209999			5782567	2	0	0	1213	88	1	1	LC	38.0	19.2	25.85945205479452	2.85013698630137							
1951	Gastropoda		Pachychilidae	Potadoma	Potadoma ignobilis	1.85	29.966667			5782567	2	0	0	1213	88	1	1	LC	33.9	14.3	21.965205479452056	5.361917808219178							
