1943	Gastropoda		Pachychilidae	Potadoma	Potadoma togoensis					5782569	1	0	0	1213	399	1	9	CR											
1952	Gastropoda		Pachychilidae	Potadoma	Potadoma togoensis	6.33	0.16			5782569	1	0	0	1213	399	1	9	CR	36.1	20.2	26.16393442622951	3.9565573770491804							
1954	Gastropoda		Pachychilidae	Potadoma	Potadoma togoensis	5.78	-0.51			5782569	1	0	0	1213	399	1	9	CR	34.1	18.5	25.10876712328767	3.576986301369863							
1959	Gastropoda		Pachychilidae	Potadoma	Potadoma togoensis	8.21	-0.65			5782569	1	0	0	1213	399	1	9	CR	38.2	19.0	27.583287671232878	1.9542465753424658							
1960	Gastropoda		Pachychilidae	Potadoma	Potadoma togoensis	5.5	-0.91			5782569	1	0	0	1213	399	1	9	CR	34.8	19.6	25.511475409836066	4.614754098360656							
1961	Gastropoda		Pachychilidae	Potadoma	Potadoma togoensis	5.51	-0.31			5782569	1	0	0	1213	399	1	9	CR	32.7	20.8	26.425753424657533	1.450958904109589							
