1907	Bivalvia	Unionida	Unionidae	Prisodontopsis	Prisodontopsis aviculaeformis					5782308	2	0	0	1213	179	165	16	EN											
2007	Bivalvia	Unionida	Unionidae	Prisodontopsis	Prisodontopsis aviculaeformis	-9.316	28.731			5782308	2	0	0	1213	179	165	16	EN	33.6	15.3	24.157808219178083	2.6254794520547944							
2009	Bivalvia	Unionida	Unionidae	Prisodontopsis	Prisodontopsis aviculaeformis	-9.382	28.655			5782308	2	0	0	1213	179	165	16	EN	33.3	14.7	23.822739726027397	3.981095890410959							
