1975	Gastropoda	Stylommatophora	Camaenidae	Prymnbriareus	Prymnbriareus nimberlinus					2295191	1	0	0	1213	399	15	1	LR/lc											
1976	Gastropoda	Stylommatophora	Camaenidae	Prymnbriareus	Prymnbriareus nimberlinus	-16.0	128.1			2295191	1	0	0	1213	399	15	1	LR/lc	41.9	8.3	25.902185792349727	2.6240437158469945							
1977	Gastropoda	Stylommatophora	Camaenidae	Prymnbriareus	Prymnbriareus nimberlinus	-16.0	128.0			2295191	1	0	0	1213	399	15	1	LR/lc	40.4	5.5	25.04849315068493	1.875068493150685							
1980	Gastropoda	Stylommatophora	Camaenidae	Prymnbriareus	Prymnbriareus nimberlinus					2295191	1	0	0	1213	399	15	1	LR/lc											
1984	Gastropoda	Stylommatophora	Camaenidae	Prymnbriareus	Prymnbriareus nimberlinus	-15.9911	127.7711			2295191	1	0	0	1213	399	15	1	LR/lc	43.3	9.2	28.126502732240436	2.283333333333333							
1986	Gastropoda	Stylommatophora	Camaenidae	Prymnbriareus	Prymnbriareus nimberlinus	-16.2	127.9			2295191	1	0	0	1213	399	15	1	LR/lc	42.5	7.4	26.847123287671234	1.7265753424657535							
2009	Gastropoda	Stylommatophora	Camaenidae	Prymnbriareus	Prymnbriareus nimberlinus	-16.0	128.7			2295191	1	0	0	1213	399	15	1	V	41.6	11.8	28.396986301369864	1.683013698630137							
