1981	Gastropoda		Acroloxidae	Pseudancylastrum	Pseudancylastrum sibiricum					8193584	1	0	0	1213	399	39	393	LC											
2004	Gastropoda		Acroloxidae	Pseudancylastrum	Pseudancylastrum sibiricum	52.719933	106.538267			8193584	1	0	0	1213	399	39	393	LC	25.3	-27.1	1.5510928961748633	0.8887978142076502							
