1964	Bivalvia	Unionida	Unionidae	Pseudodon	Pseudodon inoscularis					7647580	6	0	0	1213	179	165	11	LC											
1989	Bivalvia	Unionida	Unionidae	Pseudodon	Pseudodon inoscularis	16.4333	102.8333			7647580	6	0	0	1213	179	165	11	LC	39.2	13.9	26.315068493150687	3.32							
2011	Bivalvia	Unionida	Unionidae	Pseudodon	Pseudodon inoscularis	15.0	100.0			7647580	6	0	0	1213	179	165	11	LC	36.5	14.9	26.832328767123286	4.040821917808219							
2014	Bivalvia	Unionida	Unionidae	Pseudodon	Pseudodon inoscularis	11.6596	107.391			7647580	6	0	0	1213	179	165	11	LC	38.5	14.8	25.734520547945205	6.73917808219178							
2015	Bivalvia	Unionida	Unionidae	Pseudodon	Pseudodon inoscularis	20.26814	100.07209			7647580	6	0	0	1213	179	165	11	LC	36.7	9.0	25.089041095890412	4.24986301369863							
2017	Bivalvia	Unionida	Unionidae	Pseudodon	Pseudodon inoscularis	16.96017	98.54855			7647580	6	0	0	1213	179	165	11	LC	37.5	11.4	25.455342465753425	6.8991780821917805							
