1949	Cephalopoda	Oegopsida	Pyroteuthidae	Pterygioteuthis	Pterygioteuthis microlampas	30.42	-117.92			2289899	2	0	0	366	138	5	3	LC	21.5	8.5	15.663835616438357	0.21013698630136987							
1969	Cephalopoda	Oegopsida	Pyroteuthidae	Pterygioteuthis	Pterygioteuthis microlampas	21.42	-158.42		287.5	2289899	2	0	0	366	138	5	3	LC	27.4	19.2	23.903561643835616	0.550958904109589							
1970	Cephalopoda	Oegopsida	Pyroteuthidae	Pterygioteuthis	Pterygioteuthis microlampas	21.42	-158.42		52.5	2289899	2	0	0	366	138	5	3	LC	27.5	19.5	23.956438356164384	0.8252054794520548							
1974	Cephalopoda	Oegopsida	Pyroteuthidae	Pterygioteuthis	Pterygioteuthis microlampas	21.42	-158.42		325.0	2289899	2	0	0	366	138	5	3	LC	27.8	20.6	24.322191780821917	1.027945205479452							
2014	Cephalopoda	Oegopsida	Pyroteuthidae	Pterygioteuthis	Pterygioteuthis microlampas	-22.533267	168.056883		50.0	2289899	2	0	0	366	138	5	3	LC	27.5	16.7	23.333972602739728	2.5213698630136987							
