1900	Bivalvia	Unionida	Unionidae	Ptychorhynchus	Ptychorhynchus pfisteri	28.840072	116.492364			8165847	3	0	0	366	179	165	2	NT											
2010	Bivalvia	Unionida	Unionidae	Ptychorhynchus	Ptychorhynchus pfisteri	21.0267	105.798			8165847	3	0	0	366	179	165	2	NT	37.3	8.7	23.993150684931507	5.878904109589041							
2014	Bivalvia	Unionida	Unionidae	Ptychorhynchus	Ptychorhynchus pfisteri	20.8936	105.581			8165847	3	0	0	366	179	165	2	NT	37.8	6.8	23.48958904109589	4.49013698630137							
2016	Bivalvia	Unionida	Unionidae	Ptychorhynchus	Ptychorhynchus pfisteri	21.1515	105.48			8165847	3	0	0	366	179	165	2	NT	36.6	5.5	24.13825136612022	4.305191256830601							
