1928	Gastropoda	Architaenioglossa	Pupinidae	Pupina	Pupina difficilis					5783857	1	0	0	1213	63	1	4	LC											
1936	Gastropoda	Architaenioglossa	Pupinidae	Pupina	Pupina difficilis					5783857	1	0	0	1213	63	1	4	LC											
1975	Gastropoda	Architaenioglossa	Pupinidae	Pupina	Pupina difficilis					5783857	1	0	0	1213	63	1	4	LC											
1985	Gastropoda	Architaenioglossa	Pupinidae	Pupina	Pupina difficilis	7.338889	134.491667			5783857	1	0	0	1213	63	1	4	LC	28.8	24.7	26.81068493150685	8.255890410958903							
1995	Gastropoda	Architaenioglossa	Pupinidae	Pupina	Pupina difficilis	7.356111	134.496667			5783857	1	0	0	1213	63	1	4	LC	29.3	24.9	26.986301369863014	8.40904109589041							
