1894	Gastropoda	Stylommatophora	Pupillidae	Pupilla	Pupilla ficulnea	-24.05	132.75			5782821	1	0	0	1213	399	3	3	LR/nt											
1974	Gastropoda	Stylommatophora	Pupillidae	Pupilla	Pupilla ficulnea	-24.05	132.67			5782821	1	0	0	1213	399	3	3	LR/nt	39.5	0.2	18.996164383561645	2.7926027397260276							
1975	Gastropoda	Stylommatophora	Pupillidae	Pupilla	Pupilla ficulnea	-23.416667	132.266667			5782821	1	0	0	1213	399	3	3	LR/nt	40.1	0.9	20.592876712328767	1.4695890410958905							
