2013	Gastropoda	Stylommatophora	Hygromiidae	Pyrenaearia	Pyrenaearia daanidentata	39.05	-4.9			4565222	1	0	0	1213	399	36	6	VU	37.8	-1.7	15.256986301369864	1.676986301369863							
