1972	Gastropoda	Littorinimorpha	Hydrobiidae	Pyrgulopsis	Pyrgulopsis diablensis					2299983	1	0	0	1213	88	25	9	VU											
1994	Gastropoda	Littorinimorpha	Hydrobiidae	Pyrgulopsis	Pyrgulopsis diablensis	37.4269	-121.342			2299983	1	0	0	1213	88	25	9	VU	39.3	-0.8	15.923287671232877	0.896986301369863							
2000	Gastropoda	Littorinimorpha	Hydrobiidae	Pyrgulopsis	Pyrgulopsis diablensis	37.3219	-121.065			2299983	1	0	0	1213	88	25	9	VU	41.7	1.2	17.391803278688524	0.9549180327868853							
