1971	Gastropoda	Littorinimorpha	Hydrobiidae	Pyrgulopsis	Pyrgulopsis roswellensis	33.4265	-104.489			2299974	1	0	0	1213	88	25	9	VU	39.3	-13.3	16.2	0.7745205479452055							
1973	Gastropoda	Littorinimorpha	Hydrobiidae	Pyrgulopsis	Pyrgulopsis roswellensis	33.4248	-104.492			2299974	1	0	0	1213	88	25	9	VU	40.8	-10.2	15.957260273972603	0.6734246575342466							
1980	Gastropoda	Littorinimorpha	Hydrobiidae	Pyrgulopsis	Pyrgulopsis roswellensis	33.4308	-104.497			2299974	1	0	0	1213	88	25	9	VU	41.2	-13.1	16.70409836065574	1.2237704918032788							
1981	Gastropoda	Littorinimorpha	Hydrobiidae	Pyrgulopsis	Pyrgulopsis roswellensis					2299974	1	0	0	1213	88	25	9	VU											
1992	Gastropoda	Littorinimorpha	Hydrobiidae	Pyrgulopsis	Pyrgulopsis roswellensis	33.4308	-104.497			2299974	1	0	0	1213	88	25	9	VU	39.0	-11.7	16.114207650273222	0.9245901639344263							
1999	Gastropoda	Littorinimorpha	Hydrobiidae	Pyrgulopsis	Pyrgulopsis roswellensis	33.4781	-104.42			2299974	1	0	0	1213	88	25	9	VU	40.2	-11.6	16.574794520547947	1.2717808219178082							
