1934	Gastropoda	Littorinimorpha	Hydrobiidae	Pyrgulopsis	Pyrgulopsis greggi					2300022	1	0	0	1213	88	25	9	VU											
1988	Gastropoda	Littorinimorpha	Hydrobiidae	Pyrgulopsis	Pyrgulopsis greggi	34.8331	-118.833			2300022	1	0	0	1213	88	25	9	VU	37.4	-6.7	14.70327868852459	0.8185792349726776							
1991	Gastropoda	Littorinimorpha	Hydrobiidae	Pyrgulopsis	Pyrgulopsis greggi	34.833	-118.85			2300022	1	0	0	1213	88	25	9	VU	38.7	-6.3	14.444931506849315	1.0920547945205479							
2000	Gastropoda	Littorinimorpha	Hydrobiidae	Pyrgulopsis	Pyrgulopsis greggi	34.83	-118.83			2300022	1	0	0	1213	88	25	9	VU	36.2	-4.8	14.597267759562842	0.8377049180327869							
