1919	Bivalvia	Unionida	Unionidae	Quadrula	Quadrula couchiana	28.779	-100.03			5189360	1	0	0	1213	179	165	2	CR											
1968	Bivalvia	Unionida	Unionidae	Quadrula	Quadrula couchiana	29.2917	-100.4217	335.0	0.0	5189360	1	0	0	1213	179	165	2	CR	37.3	-1.9	19.939071038251367	1.6855191256830602							
1970	Bivalvia	Unionida	Unionidae	Quadrula	Quadrula couchiana	32.595149	-104.347525			5189360	1	0	0	1213	179	165	2	CR	40.6	-18.5	16.936712328767122	0.6438356164383562							
1972	Bivalvia	Unionida	Unionidae	Quadrula	Quadrula couchiana	32.5879	-104.354			5189360	1	0	0	1213	179	165	2	CR	40.5	-10.1	17.493169398907103	0.8751366120218579							
1973	Bivalvia	Unionida	Unionidae	Quadrula	Quadrula couchiana	32.211627	-103.98879			5189360	1	0	0	1213	179	165	2	CR	41.7	-6.0	17.704931506849316	0.7364383561643836							
1976	Bivalvia	Unionida	Unionidae	Quadrula	Quadrula couchiana	25.18901	-100.7546			5189360	1	0	0	1213	179	165	2	CR	28.4	-3.5	14.000273224043715	1.7691256830601092							
1978	Bivalvia	Unionida	Unionidae	Quadrula	Quadrula couchiana	32.1896025	-103.9782808			5189360	1	0	0	1213	179	165	2	CR	41.9	-10.1	18.21013698630137	1.193972602739726							
1979	Bivalvia	Unionida	Unionidae	Quadrula	Quadrula couchiana	32.23446	-104.045574			5189360	1	0	0	1213	179	165	2	CR	41.1	-10.0	17.686301369863013	0.7032876712328767							
1981	Bivalvia	Unionida	Unionidae	Quadrula	Quadrula couchiana	32.595149	-104.347525			5189360	1	0	0	1213	179	165	2	CR	41.7	-6.6	17.306301369863014	1.6254794520547946							
