1865	Gastropoda	Stylommatophora	Euconulidae	Quintalia	Quintalia flosculus	-29.02916	167.95			2296847	0	0	0	1213	399	1	16	EX											
1968	Gastropoda	Stylommatophora	Euconulidae	Quintalia	Quintalia flosculus	-29.016	167.933			2296847	0	0	0	1213	399	1	16	EX	22.9	12.5	18.393169398907105	2.5229508196721313							
1999	Gastropoda	Stylommatophora	Euconulidae	Quintalia	Quintalia flosculus	-29.00277	167.94388			2296847	0	0	0	1213	399	1	16	EX	24.5	13.8	19.704383561643837	3.050958904109589							
