1917	Gastropoda	Stylommatophora	Oreohelicidae	Radiocentrum	Radiocentrum avalonense	33.3879	-118.4163			2293946	1	0	0	1213	399	1	393	CR											
1972	Gastropoda	Stylommatophora	Oreohelicidae	Radiocentrum	Radiocentrum avalonense	33.40278	-118.4491			2293946	1	0	0	1213	399	1	393	CR	29.1	0.5	14.822950819672132	0.3153005464480874							
