1968	Bivalvia	Unionida	Unionidae	Radiatula	Radiatula pilata					11028232	3	0	0	1213	179	165	1	LC											
1972	Bivalvia	Unionida	Unionidae	Radiatula	Radiatula pilata	15.120221	105.798979			11028232	3	0	0	1213	179	165	1	LC	35.6	12.4	25.2551912568306	7.518032786885246							
1987	Bivalvia	Unionida	Unionidae	Radiatula	Radiatula pilata	15.566111	101.0625			11028232	3	0	0	1213	179	165	1	LC	38.8	11.8	27.315616438356166	3.3726027397260276							
2016	Bivalvia	Unionida	Unionidae	Radiatula	Radiatula pilata	18.111062	102.226795			9340196	3	0	0	1213	179	165	1	LC	40.7	9.4	26.430601092896175	4.504371584699453							
