1874	Gastropoda	Littorinimorpha	Hydrobiidae	Radomaniola	Radomaniola curta					4561098	5	0	0	1213	88	25	16	LC											
2009	Gastropoda	Littorinimorpha	Hydrobiidae	Radomaniola	Radomaniola curta	42.355	19.0284			4561098	5	0	0	1213	88	25	16	LC	33.6	-3.8	16.02794520547945	5.997808219178082							
