1974	Gastropoda	Stylommatophora	Cerastidae	Rhachistia	Rhachistia aldabrae	-9.431994	46.451652			5783535	1	0	0	1213	399	1	1	CR	27.8	22.3	25.13917808219178	3.0							
1983	Gastropoda	Stylommatophora	Cerastidae	Rhachistia	Rhachistia aldabrae	-9.37	46.22		0.1	5783535	1	0	0	1213	399	1	1	CR	29.4	22.7	26.25041095890411	2.8145205479452056							
