1924	Gastropoda		Planorbidae	Rhodacmea	Rhodacmea filosa					9764600	1	0	0	1213	399	15	4	CR											
1953	Gastropoda		Planorbidae	Rhodacmea	Rhodacmea filosa	33.5594	-86.1199			9764600	1	0	0	1213	399	15	4	CR	36.8	-5.6	17.82109589041096	3.799178082191781							
1955	Gastropoda		Planorbidae	Rhodacmea	Rhodacmea filosa	33.568	-86.1717			9764600	1	0	0	1213	399	15	4	CR	35.6	-6.2	17.32191780821918	2.9402739726027396							
1963	Gastropoda		Planorbidae	Rhodacmea	Rhodacmea filosa	33.5701	-86.1642			9764600	1	0	0	1213	399	15	4	CR	35.2	-15.1	16.348219178082193	3.221369863013699							
1967	Gastropoda		Planorbidae	Rhodacmea	Rhodacmea filosa	34.8228	-86.0694			9764600	1	0	0	1213	399	15	4	CR	33.7	-11.4	15.22027397260274	3.248219178082192							
1978	Gastropoda		Planorbidae	Rhodacmea	Rhodacmea filosa	33.552738	-85.91833			9764600	1	0	0	1213	399	15	4	CR	36.8	-7.9	16.603013698630136	2.396986301369863							
2010	Gastropoda		Planorbidae	Rhodacmea	Rhodacmea filosa					9764600	1	0	0	1213	399	15	4	CR											
2011	Gastropoda		Planorbidae	Rhodacmea	Rhodacmea filosa	33.1786	-87.0175			9764600	1	0	0	1213	399	15	4	CR	37.3	-9.0	18.316164383561645	3.323287671232877							
