1942	Bivalvia	Ostreida	Ostreidae	Saccostrea	Saccostrea malabonensis					5855435	3	0	0	1213	2	1	2	LC											
2020	Bivalvia	Ostreida	Ostreidae	Saccostrea	Saccostrea malabonensis	21.02	109.110001			5855435	3	0	0	1213	2	1	2	LC	32.2	10.8	24.729508196721312	4.538251366120218							
