1970	Gastropoda	Stylommatophora	Partulidae	Samoana	Samoana burchi					5783092	1	0	0	1213	399	2	1	CR											
2005	Gastropoda	Stylommatophora	Partulidae	Samoana	Samoana burchi	-17.582335	-149.513445			5783092	1	0	0	1213	399	2	1	CR	23.6	15.4	20.095068493150684	3.9484931506849317							
