1965	Bivalvia	Arcida	Arcidae	Scaphula	Scaphula pinna					6530032	3	0	0	1213	399	9	1	LC											
1966	Bivalvia	Arcida	Arcidae	Scaphula	Scaphula pinna	14.474178	100.122178			6530032	3	0	0	1213	399	9	1	LC	40.9	17.1	27.462739726027397	3.5654794520547943							
