1923	Bivalvia	Unionida	Unionidae	Schistodesmus	Schistodesmus lampreyanus					7615870	1	0	0	1213	179	165	1	LC											
1997	Bivalvia	Unionida	Unionidae	Schistodesmus	Schistodesmus lampreyanus	31.0942	120.418			7615870	1	0	0	1213	179	165	1	LC	34.4	-3.4	16.915342465753426	4.266027397260274							
2000	Bivalvia	Unionida	Unionidae	Schistodesmus	Schistodesmus lampreyanus	28.0778	115.544			7615870	1	0	0	1213	179	165	1	LC	38.0	-3.7	18.184426229508198	5.519672131147541							
2001	Bivalvia	Unionida	Unionidae	Schistodesmus	Schistodesmus lampreyanus	28.6824	115.874			7615870	1	0	0	1213	179	165	1	LC	37.1	-2.0	18.34794520547945	4.2276712328767125							
2002	Bivalvia	Unionida	Unionidae	Schistodesmus	Schistodesmus lampreyanus					7615870	1	0	0	1213	179	165	1	LC											
2004	Bivalvia	Unionida	Unionidae	Schistodesmus	Schistodesmus lampreyanus	25.0	118.0			7615870	1	0	0	1213	179	165	1	LC	36.6	-1.6	19.78224043715847	3.7379781420765026							
2005	Bivalvia	Unionida	Unionidae	Schistodesmus	Schistodesmus lampreyanus					7615870	1	0	0	1213	179	165	1	LC											
2019	Bivalvia	Unionida	Unionidae	Schistodesmus	Schistodesmus lampreyanus					7615870	1	0	0	1213	179	165	1	LC											
2021	Bivalvia	Unionida	Unionidae	Schistodesmus	Schistodesmus lampreyanus	31.2	120.1		7.5	7615870	1	0	0	1213	179	165	1	LC	35.3	-6.4	17.972876712328766	3.9238356164383563							
