2005	Gastropoda	Stylommatophora	Canariellidae	Schileykiella	Schileykiella parlatoris	38.48	16.4619			4565819	2	0	0	1213	399	3	2	NT	35.4	-0.8	14.211506849315068	2.5526027397260274							
