1929	Gastropoda		Planorbidae	Segmentorbis	Segmentorbis kanisaensis					5784523	33	0	0	1213	88	15	2	LC											
1948	Gastropoda		Planorbidae	Segmentorbis	Segmentorbis kanisaensis	1.818423	31.326756			5784523	33	0	0	1213	88	15	2	LC	33.8	19.0	24.264754098360655	5.977868852459016							
1951	Gastropoda		Planorbidae	Segmentorbis	Segmentorbis kanisaensis	1.666667	31.0			5784523	33	0	0	1213	88	15	2	LC	31.3	20.5	24.85698630136986	7.669041095890411							
1981	Gastropoda		Planorbidae	Segmentorbis	Segmentorbis kanisaensis					5784521	33	0	0	1213	88	15	2	LC											
1984	Gastropoda		Planorbidae	Segmentorbis	Segmentorbis kanisaensis					5784521	33	0	0	1213	88	15	2	LC											
1986	Gastropoda		Planorbidae	Segmentorbis	Segmentorbis kanisaensis					5784521	33	0	0	1213	88	15	2	LC											
2002	Gastropoda		Planorbidae	Segmentorbis	Segmentorbis kanisaensis					5784523	33	0	0	1213	88	15	2	LC											
2013	Gastropoda		Planorbidae	Segmentorbis	Segmentorbis kanisaensis	-0.090433	37.75281			5784521	33	0	0	1213	88	15	2	LC	30.3	14.0	21.124383561643835	2.8093150684931505							
