1876	Cephalopoda	Sepiida	Sepiolidae	Semirossia	Semirossia patagonica	-52.3333	-67.65		101.0	5189583	3	0	0	366	49	16	5	LC											
1964	Cephalopoda	Sepiida	Sepiolidae	Semirossia	Semirossia patagonica	-52.583	-65.133		128.0	2289148	3	0	0	366	49	16	5	LC	12.8	-0.2	6.89344262295082	1.235792349726776							
1979	Cephalopoda	Sepiida	Sepiolidae	Semirossia	Semirossia patagonica	-32.516667	-71.616667		350.0	2289148	3	0	0	366	49	16	5	LC	24.8	7.3	15.533972602739727	0.6098630136986302							
2002	Cephalopoda	Sepiida	Sepiolidae	Semirossia	Semirossia patagonica	-43.676167	-74.401167		200.0	2289148	3	0	0	366	49	16	5	LC	16.0	5.3	10.53972602739726	5.446301369863014							
2006	Cephalopoda	Sepiida	Sepiolidae	Semirossia	Semirossia patagonica	-41.717	-72.616		452.0	2289148	3	0	0	366	49	16	5	LC	21.4	1.8	10.955342465753425	10.827397260273973							
2010	Cephalopoda	Sepiida	Sepiolidae	Semirossia	Semirossia patagonica	-55.3925	-66.679		63.0	2289148	3	0	0	366	49	16	5	LC	11.9	-0.4	5.998082191780822	3.2704109589041095							
