1995	Gastropoda	Stylommatophora	Charopidae	Semperdon	Semperdon xyleborus					5783544	1	0	0	1213	399	6	1	CR											
2005	Gastropoda	Stylommatophora	Charopidae	Semperdon	Semperdon xyleborus	7.1975	134.3686			5783544	1	0	0	1213	399	6	1	CR	28.9	24.9	27.046027397260275	9.638082191780821							
