1995	Gastropoda	Stylommatophora	Charopidae	Semperdon	Semperdon kororensis					5783545	1	0	0	1213	399	6	4	CR											
1998	Gastropoda	Stylommatophora	Charopidae	Semperdon	Semperdon kororensis	7.1626	134.3745			5783545	1	0	0	1213	399	6	4	CR	29.4	24.8	27.039178082191782	5.926027397260274							
2005	Gastropoda	Stylommatophora	Charopidae	Semperdon	Semperdon kororensis	7.28567	134.28192			5783545	1	0	0	1213	399	6	4	CR	28.9	24.9	27.046027397260275	9.638082191780821							
