1874	Cephalopoda	Sepiida	Sepiidae	Sepia	Sepia sulcata	-5.8208	132.2375		256.0	2290806	2	0	0	366	49	31	31	LC											
1978	Cephalopoda	Sepiida	Sepiidae	Sepia	Sepia sulcata	-19.9666	115.2167	165.0		2290806	2	0	0	366	49	31	31	LC	31.8	17.4	24.855616438356165	0.8213698630136986							
1982	Cephalopoda	Sepiida	Sepiidae	Sepia	Sepia sulcata	-18.9	117.0333	303.0		2290806	2	0	0	366	49	31	31	LC	31.2	21.0	26.36054794520548	0.683013698630137							
1983	Cephalopoda	Sepiida	Sepiidae	Sepia	Sepia sulcata	-18.6	118.033		184.0	2290806	2	0	0	366	49	31	31	LC	31.1	21.0	26.389041095890413	1.370958904109589							
1984	Cephalopoda	Sepiida	Sepiidae	Sepia	Sepia sulcata	-19.33	115.68		348.0	2290806	2	0	0	366	49	31	31	LC	30.7	18.7	25.8	0.5882513661202186							
1990	Cephalopoda	Sepiida	Sepiidae	Sepia	Sepia sulcata	-19.1533	116.623		217.5	2290806	2	0	0	366	49	31	31	LC	30.9	19.1	25.83150684931507	0.581917808219178							
