1929	Cephalopoda	Sepiida	Sepiidae	Sepia	Sepia trygonina					2290875	18	0	0	366	49	31	31	LC											
1933	Cephalopoda	Sepiida	Sepiidae	Sepia	Sepia trygonina				37.0	2290875	18	0	0	366	49	31	31	LC											
1985	Cephalopoda	Sepiida	Sepiidae	Sepia	Sepia trygonina	10.6533	51.3133			2290875	18	0	0	366	49	31	31	LC	37.6	18.6	27.094520547945205	0.14684931506849316							
1986	Cephalopoda	Sepiida	Sepiidae	Sepia	Sepia trygonina	10.87	51.1817		40.0	2290875	18	0	0	366	49	31	31	LC	35.8	15.9	26.43780821917808	0.2775342465753425							
1995	Cephalopoda	Sepiida	Sepiidae	Sepia	Sepia trygonina					2290875	18	0	0	366	49	31	31	LC											
