1910	Cephalopoda	Sepiida	Sepiidae	Sepia	Sepia irvingi	-32.35	115.7333			2290886	1	0	0	366	49	31	31	LC											
1972	Cephalopoda	Sepiida	Sepiidae	Sepia	Sepia irvingi	-23.8666	112.9833	155.45		2290886	1	0	0	366	49	31	31	LC	30.6	16.0	22.63879781420765	0.9535519125683061							
1981	Cephalopoda	Sepiida	Sepiidae	Sepia	Sepia irvingi	-26.4166	112.6			2290886	1	0	0	366	49	31	31	LC	27.9	15.5	21.06082191780822	0.39972602739726026							
1982	Cephalopoda	Sepiida	Sepiidae	Sepia	Sepia irvingi	-19.0291	117.9883	-104.0		2290886	1	0	0	366	49	31	31	LC	31.8	20.7	26.553972602739726	0.9336986301369863							
1983	Cephalopoda	Sepiida	Sepiidae	Sepia	Sepia irvingi	-18.82	118.48		132.0	2290886	1	0	0	366	49	31	31	LC	31.8	20.6	26.415616438356164	1.1578082191780823							
2008	Cephalopoda	Sepiida	Sepiidae	Sepia	Sepia irvingi	-21.9122	113.9785	0.0		2290886	1	0	0	366	49	31	31	LC	39.9	11.9	24.00245901639344	0.6994535519125683							
