1938	Cephalopoda	Sepiida	Sepiidae	Sepiella	Sepiella mangkangunga	-11.733	131.283			4625829	1	0	0	366	49	31	5	LC											
1975	Cephalopoda	Sepiida	Sepiidae	Sepiella	Sepiella mangkangunga	-12.3	130.966667			4625829	1	0	0	366	49	31	5	LC	35.4	17.0	27.09780821917808	5.907671232876712							
1987	Cephalopoda	Sepiida	Sepiidae	Sepiella	Sepiella mangkangunga	-12.8	130.35			4625829	1	0	0	366	49	31	5	LC	36.4	18.1	27.603835616438356	4.465753424657534							
1990	Cephalopoda	Sepiida	Sepiidae	Sepiella	Sepiella mangkangunga	-11.756667	130.333333			4625829	1	0	0	366	49	31	5	LC	36.0	17.1	26.976986301369863	3.733698630136986							
1997	Cephalopoda	Sepiida	Sepiidae	Sepiella	Sepiella mangkangunga	-12.193167	132.1765			4625829	1	0	0	366	49	31	5	LC	33.2	19.8	27.052602739726026	5.861917808219178							
1998	Cephalopoda	Sepiida	Sepiidae	Sepiella	Sepiella mangkangunga	-12.194	132.220833			4625829	1	0	0	366	49	31	5	LC	33.2	18.8	27.67753424657534	4.82							
2002	Cephalopoda	Sepiida	Sepiidae	Sepiella	Sepiella mangkangunga	-12.879333	130.326167			4625829	1	0	0	366	49	31	5	LC	36.0	16.3	27.485205479452055	2.8435616438356166							
2004	Cephalopoda	Sepiida	Sepiidae	Sepiella	Sepiella mangkangunga	-11.95575	135.094283			4625829	1	0	0	366	49	31	5	LC	34.3	14.8	26.738524590163934	3.546448087431694							
