1932	Gastropoda	Littorinimorpha	Assimineidae	Septariellina	Septariellina congolensis	0.0	25.0			5784070	1	0	0	1213	88	6	2	CR											
1973	Gastropoda	Littorinimorpha	Assimineidae	Septariellina	Septariellina congolensis	-5.025	14.025			5784070	1	0	0	1213	88	6	2	CR	32.2	15.9	24.236986301369864	2.726301369863014							
1976	Gastropoda	Littorinimorpha	Assimineidae	Septariellina	Septariellina congolensis	-5.83	13.45			5784070	1	0	0	1213	88	6	2	CR	32.7	14.0	24.134699453551914	2.0765027322404372							
