1887	Gastropoda	Stylommatophora	Charopidae	Setomedea	Setomedea nudicostata	-23.433	150.45			5190935	1	0	0	1213	399	6	21	LR/nt											
1975	Gastropoda	Stylommatophora	Charopidae	Setomedea	Setomedea nudicostata	-24.616	151.533			5190935	1	0	0	1213	399	6	21	LR/nt	33.2	3.8	17.446849315068494	1.8013698630136987							
1983	Gastropoda	Stylommatophora	Charopidae	Setomedea	Setomedea nudicostata	-24.511667	151.505			5190935	1	0	0	1213	399	6	21	LR/nt	36.2	2.9	18.194794520547944	2.747671232876712							
1984	Gastropoda	Stylommatophora	Charopidae	Setomedea	Setomedea nudicostata	-24.416667	151.033333			5190935	1	0	0	1213	399	6	21	LR/nt	32.7	0.4	16.653005464480874	2.794262295081967							
1985	Gastropoda	Stylommatophora	Charopidae	Setomedea	Setomedea nudicostata	-24.583333	151.566667			5190935	1	0	0	1213	399	6	21	LR/nt	35.3	0.5	17.35835616438356	2.1980821917808218							
1989	Gastropoda	Stylommatophora	Charopidae	Setomedea	Setomedea nudicostata	-24.55	151.45			5190935	1	0	0	1213	399	6	21	LR/nt	34.9	2.2	18.618904109589042	2.811232876712329							
