1970	Gastropoda	Stylommatophora	Charopidae	Sinployea	Sinployea adposita			30.0		10129120	1	0	0	1213	399	6	1	VU											
1977	Gastropoda	Stylommatophora	Charopidae	Sinployea	Sinployea adposita	-18.75	179.5333			10129120	1	0	0	1213	399	6	1	VU	28.3	19.2	24.56684931506849	4.683287671232876							
