1991	Gastropoda	Stylommatophora	Charopidae	Sinployea	Sinployea pitcairnensis					5783601	1	0	0	1213	399	6	1	VU											
1997	Gastropoda	Stylommatophora	Charopidae	Sinployea	Sinployea pitcairnensis	-25.0668	-130.1098			5783601	1	0	0	1213	399	6	1	VU	24.8	15.4	21.063013698630137	3.990958904109589							
