1964	Cephalopoda	Oegopsida	Brachioteuthidae	Slosarczykovia	Slosarczykovia circumantarctica	-55.358	-144.95		51.0	4357078	1	0	0	366	138	3	1	LC	8.9	-4.1	3.3062841530054645	2.1366120218579234							
1976	Cephalopoda	Oegopsida	Brachioteuthidae	Slosarczykovia	Slosarczykovia circumantarctica	-51.0917	-39.9417		2325.0	4357078	1	0	0	366	138	3	1	LC	10.1	-3.7	2.794262295081967	2.01448087431694							
1989	Cephalopoda	Oegopsida	Brachioteuthidae	Slosarczykovia	Slosarczykovia circumantarctica					4357078	1	0	0	366	138	3	1	LC											
1996	Cephalopoda	Oegopsida	Brachioteuthidae	Slosarczykovia	Slosarczykovia circumantarctica					4357078	1	0	0	366	138	3	1	LC											
2004	Cephalopoda	Oegopsida	Brachioteuthidae	Slosarczykovia	Slosarczykovia circumantarctica	-72.341797	170.442993		203.0	4357078	1	0	0	366	138	3	1	LC	6.0	-35.8	-14.220765027322404	0.9519125683060109							
2006	Cephalopoda	Oegopsida	Brachioteuthidae	Slosarczykovia	Slosarczykovia circumantarctica	-59.6201	-44.1649		844.5	4357078	1	0	0	366	138	3	1	LC	5.0	-27.7	-1.8923287671232876	1.773972602739726							
2008	Cephalopoda	Oegopsida	Brachioteuthidae	Slosarczykovia	Slosarczykovia circumantarctica	-53.799999	-39.200001		345.0	4357078	1	0	0	366	138	3	1	LC	7.3	-4.7	1.635792349726776	1.9434426229508197							
