1971	Gastropoda	Stylommatophora	Chondrinidae	Solatopupa	Solatopupa cianensis					4566701	1	0	0	1213	399	27	3	VU											
1981	Gastropoda	Stylommatophora	Chondrinidae	Solatopupa	Solatopupa cianensis	43.95	6.987			4566701	1	0	0	1213	399	27	3	VU	30.9	-13.5	11.39013698630137	2.478082191780822							
1985	Gastropoda	Stylommatophora	Chondrinidae	Solatopupa	Solatopupa cianensis	44.0387	6.79975	840.0		4566701	1	0	0	1213	399	27	3	VU	26.6	-26.2	6.722739726027397	2.4298630136986303							
2001	Gastropoda	Stylommatophora	Chondrinidae	Solatopupa	Solatopupa cianensis	44.06014	6.98193	1200.0		4566701	1	0	0	1213	399	27	3	VU	26.4	-16.4	7.8772602739726025	2.4213698630136986							
2004	Gastropoda	Stylommatophora	Chondrinidae	Solatopupa	Solatopupa cianensis	44.02743	6.97709			4566701	1	0	0	1213	399	27	3	VU	28.6	-22.0	8.64344262295082	2.4811475409836063							
2007	Gastropoda	Stylommatophora	Chondrinidae	Solatopupa	Solatopupa cianensis					4566701	1	0	0	1213	399	27	3	VU											
