1910	Gastropoda	Stylommatophora	Xanthonychidae	Sonorella	Sonorella eremita	32.1068	-111.0078			2296031	1	0	0	1213	399	12	4	LR/nt											
1939	Gastropoda	Stylommatophora	Xanthonychidae	Sonorella	Sonorella eremita					2296031	1	0	0	1213	399	12	4	LR/nt											
1948	Gastropoda	Stylommatophora	Xanthonychidae	Sonorella	Sonorella eremita	31.995	-110.04233			2296031	1	0	0	1213	399	12	4	LR/nt	37.6	-10.4	15.293715846994536	0.5390710382513662							
1949	Gastropoda	Stylommatophora	Xanthonychidae	Sonorella	Sonorella eremita	31.984589	-111.881234			2296031	1	0	0	1213	399	12	4	LR/nt	40.4	-7.1	19.153972602739724	0.8706849315068493							
1956	Gastropoda	Stylommatophora	Xanthonychidae	Sonorella	Sonorella eremita					2296031	1	0	0	1213	399	12	4	LR/nt											
1965	Gastropoda	Stylommatophora	Xanthonychidae	Sonorella	Sonorella eremita	31.97514	-111.10057			2296031	1	0	0	1213	399	12	4	LR/nt	38.0	-6.4	17.526575342465755	0.8646575342465753							
1998	Gastropoda	Stylommatophora	Xanthonychidae	Sonorella	Sonorella eremita	31.986747	-111.081206			2296031	1	0	0	1213	399	12	4	I	40.0	-3.4	17.63150684931507	0.9243835616438356							
