1934	Bivalvia	Sphaeriida	Sphaeriidae	Sphaerium	Sphaerium capense					8270229	8	0	0	1213	44	44	9	LC											
1949	Bivalvia	Sphaeriida	Sphaeriidae	Sphaerium	Sphaerium capense	-0.133333	29.6			8270229	8	0	0	1213	44	44	9	LC	29.9	19.6	23.676164383561645	4.206027397260274							
2016	Bivalvia	Sphaeriida	Sphaeriidae	Sphaerium	Sphaerium capense	-22.42773	31.20942			8270229	8	0	0	1213	44	44	9	LC	42.9	8.6	25.146448087431693	0.9792349726775956							
