1918	Bivalvia	Sphaeriida	Sphaeriidae	Sphaerium	Sphaerium forbesi	-7.163672	-78.509958			7977031	5	0	0	1213	44	44	9	LC											
1939	Bivalvia	Sphaeriida	Sphaeriidae	Sphaerium	Sphaerium forbesi					11062167	5	0	0	1213	44	44	9	LC											
1969	Bivalvia	Sphaeriida	Sphaeriidae	Sphaerium	Sphaerium forbesi					7977031	5	0	0	1213	44	44	9	LC											
1975	Bivalvia	Sphaeriida	Sphaeriidae	Sphaerium	Sphaerium forbesi					7977031	5	0	0	1213	44	44	9	LC											
1994	Bivalvia	Sphaeriida	Sphaeriidae	Sphaerium	Sphaerium forbesi	5.10307	-73.78321			7977031	5	0	0	1213	44	44	9	LC	20.9	5.3	13.173424657534246	4.387397260273973							
1995	Bivalvia	Sphaeriida	Sphaeriidae	Sphaerium	Sphaerium forbesi	5.01669	-73.96667			7977031	5	0	0	1213	44	44	9	LC	24.4	4.2	14.204383561643835	3.9547945205479453							
2002	Bivalvia	Sphaeriida	Sphaeriidae	Sphaerium	Sphaerium forbesi	6.129722	-75.385833	2015.0		7977031	5	0	0	1213	44	44	9	LC	26.4	10.4	16.80849315068493	6.301095890410959							
