1928	Bivalvia	Sphaeriida	Sphaeriidae	Sphaerium	Sphaerium baicalense	54.0	109.0		4.5	7590010	1	0	0	1213	44	44	9	LC											
1929	Bivalvia	Sphaeriida	Sphaeriidae	Sphaerium	Sphaerium baicalense	53.5	108.2			7590010	1	0	0	1213	44	44	9	LC											
1971	Bivalvia	Sphaeriida	Sphaeriidae	Sphaerium	Sphaerium baicalense	52.0	105.5			7590010	1	0	0	1213	44	44	9	LC	22.8	-30.6	0.6273972602739726	1.4293150684931506							
