1926	Bivalvia	Sphaeriida	Sphaeriidae	Sphaerium	Sphaerium stuhlmanni					5782065	3	0	0	1213	44	44	9	LC											
1997	Bivalvia	Sphaeriida	Sphaeriidae	Sphaerium	Sphaerium stuhlmanni	-4.5	15.5			5782065	3	0	0	1213	44	44	9	LC	34.4	17.0	25.153424657534245	3.6035616438356164							
