1969	Bivalvia	Sphaeriida	Sphaeriidae	Sphaerium	Sphaerium lauricochae					7473441	3	0	0	1213	44	44	9	LC											
1975	Bivalvia	Sphaeriida	Sphaeriidae	Sphaerium	Sphaerium lauricochae	-16.992619	-68.07523			7473441	3	0	0	1213	44	44	9	LC	18.1	-9.7	6.068493150684931	2.264109589041096							
