1966	Gastropoda	Littorinimorpha	Stenothyridae	Stenothyra	Stenothyra ovalis					4609496	2	0	0	1213	88	6	1	LC											
1967	Gastropoda	Littorinimorpha	Stenothyridae	Stenothyra	Stenothyra ovalis	17.410806	104.778556			4609496	2	0	0	1213	88	6	1	LC	38.3	7.0	24.637534246575342	4.909315068493151							
1969	Gastropoda	Littorinimorpha	Stenothyridae	Stenothyra	Stenothyra ovalis	15.34466	104.154758			4609496	2	0	0	1213	88	6	1	LC	38.3	14.0	26.71013698630137	2.9887671232876714							
