1972	Gastropoda	Littorinimorpha	Stenothyridae	Stenothyra	Stenothyra cambodiensis	14.1	105.85			7797875	3	0	0	1213	88	3	2	LC	35.4	14.9	25.82704918032787	6.536338797814207							
