1964	Gastropoda	Littorinimorpha	Stenothyridae	Stenothyra	Stenothyra koratensis					4609484	4	0	0	1213	88	12	4	LC											
1965	Gastropoda	Littorinimorpha	Stenothyridae	Stenothyra	Stenothyra koratensis					4609484	4	0	0	1213	88	12	4	LC											
1966	Gastropoda	Littorinimorpha	Stenothyridae	Stenothyra	Stenothyra koratensis	20.816667	104.15			4609484	4	0	0	1213	88	12	4	LC	38.3	6.1	23.107123287671232	3.8583561643835615							
1968	Gastropoda	Littorinimorpha	Stenothyridae	Stenothyra	Stenothyra koratensis	17.519722	100.404556			4609484	4	0	0	1213	88	12	4	LC	37.5	13.0	26.21448087431694	4.14207650273224							
1969	Gastropoda	Littorinimorpha	Stenothyridae	Stenothyra	Stenothyra koratensis	15.34466	104.154758			4609484	4	0	0	1213	88	12	4	LC	38.3	14.0	26.71013698630137	2.9887671232876714							
1972	Gastropoda	Littorinimorpha	Stenothyridae	Stenothyra	Stenothyra koratensis	13.278889	100.946695			4609484	4	0	0	1213	88	12	4	LC	35.4	16.0	26.950819672131146	3.9505464480874317							
