1916	Gastropoda	Architaenioglossa	Pupinidae	Suavocallia	Suavocallia splendens	-14.666	145.466			4609698	1	0	0	1213	63	1	8	VU											
1974	Gastropoda	Architaenioglossa	Pupinidae	Suavocallia	Suavocallia splendens	-14.65333	144.45638			4609698	1	0	0	1213	63	1	8	VU	36.5	13.9	25.307945205479452	4.490958904109589							
1975	Gastropoda	Architaenioglossa	Pupinidae	Suavocallia	Suavocallia splendens	-14.67	145.45			4609698	1	0	0	1213	63	1	8	VU	31.9	16.5	25.13260273972603	4.336438356164384							
