1963	Gastropoda	Stylommatophora	Succineidae	Succinea	Succinea sanctaehelenae			792.0		5783454	1	0	0	1213	399	1	17	LR/nt											
2006	Gastropoda	Stylommatophora	Succineidae	Succinea	Succinea sanctaehelenae	-32.65	18.15			5783454	1	0	0	1213	399	1	17	V	37.4	5.0	17.943287671232877	0.5665753424657535							
