1913	Gastropoda		Paludomidae	Syrnolopsis	Syrnolopsis minuta	-3.666667	29.6			5782761	4	0	0	1213	88	25	2	LC											
1927	Gastropoda		Paludomidae	Syrnolopsis	Syrnolopsis minuta	-5.933333	29.2			5782761	4	0	0	1213	88	25	2	LC											
1930	Gastropoda		Paludomidae	Syrnolopsis	Syrnolopsis minuta					5782761	4	0	0	1213	88	25	2	LC											
1938	Gastropoda		Paludomidae	Syrnolopsis	Syrnolopsis minuta	-5.93333	29.2			5782761	4	0	0	1213	88	25	2	LC											
1989	Gastropoda		Paludomidae	Syrnolopsis	Syrnolopsis minuta	-4.35	29.6		16.5	5782761	4	0	0	1213	88	25	2	LC	27.9	20.2	23.93068493150685	6.250684931506849							
