1887	Gastropoda	Stylommatophora	Helicidae	Tacheocampylaea	Tacheocampylaea raspailii					4563535	1	0	0	1213	399	50	2	VU											
1994	Gastropoda	Stylommatophora	Helicidae	Tacheocampylaea	Tacheocampylaea raspailii	42.30539	9.146997			4563535	1	0	0	1213	399	50	2	VU	35.8	-2.7	15.585753424657534	2.0745205479452054							
2017	Gastropoda	Stylommatophora	Helicidae	Tacheocampylaea	Tacheocampylaea raspailii	42.685204	9.272739			4563535	1	0	0	1213	399	50	2	DD	34.8	3.7	17.357808219178082	1.1016438356164384							
2019	Gastropoda	Stylommatophora	Helicidae	Tacheocampylaea	Tacheocampylaea raspailii	42.813057	9.423987			4563535	1	0	0	1213	399	50	2	DD	30.0	-0.3	14.404657534246576	2.5635616438356164							
2020	Gastropoda	Stylommatophora	Helicidae	Tacheocampylaea	Tacheocampylaea raspailii	42.67253	9.33177	42.0		4563535	1	0	0	1213	399	50	2	DD	32.7	3.3	16.963661202185794	1.6398907103825138							
2021	Gastropoda	Stylommatophora	Helicidae	Tacheocampylaea	Tacheocampylaea raspailii	42.37215	9.48392			4563535	1	0	0	1213	399	50	2	DD	29.9	0.8	15.672328767123288	2.0476712328767124							
