1951	Gastropoda	Stylommatophora	Milacidae	Tandonia	Tandonia nigra					5783243	2	0	0	1213	399	5	5	LC											
1960	Gastropoda	Stylommatophora	Milacidae	Tandonia	Tandonia nigra	45.928	9.01784	1600.0		5783243	2	0	0	1213	399	5	5	LC	20.8	-18.4	3.2330601092896174	4.928142076502732							
1986	Gastropoda	Stylommatophora	Milacidae	Tandonia	Tandonia nigra	45.928	9.01784	1650.0		5783243	2	0	0	1213	399	5	5	LC	21.8	-17.8	3.731232876712329	3.4186301369863012							
1992	Gastropoda	Stylommatophora	Milacidae	Tandonia	Tandonia nigra	45.928	9.01784	1665.0		5783243	2	0	0	1213	399	5	5	LC	23.0	-12.2	4.587704918032787	3.531693989071038							
1994	Gastropoda	Stylommatophora	Milacidae	Tandonia	Tandonia nigra	45.928	9.01784	1640.0		5783243	2	0	0	1213	399	5	5	LC	25.0	-13.0	5.589041095890411	3.3643835616438356							
1995	Gastropoda	Stylommatophora	Milacidae	Tandonia	Tandonia nigra	45.928	9.01784	1500.0		5783243	2	0	0	1213	399	5	5	LC	22.8	-15.1	4.284931506849315	2.6975342465753425							
2000	Gastropoda	Stylommatophora	Milacidae	Tandonia	Tandonia nigra	45.928	9.01784	1680.0		5783243	2	0	0	1213	399	5	5	LC	23.8	-12.1	4.924863387978142	4.81775956284153							
