1967	Gastropoda	Stylommatophora	Milacidae	Tandonia	Tandonia kusceri					9155057	7	0	0	1213	399	5	5	LC											
1982	Gastropoda	Stylommatophora	Milacidae	Tandonia	Tandonia kusceri			600.0		9155057	7	0	0	1213	399	5	5	LC											
2013	Gastropoda	Stylommatophora	Milacidae	Tandonia	Tandonia kusceri	41.8283	-87.8567	190.0		9155057	7	0	0	1213	399	5	5	LC	34.3	-21.8	9.736986301369862	2.595068493150685							
2014	Gastropoda	Stylommatophora	Milacidae	Tandonia	Tandonia kusceri	41.8283	-87.8567	190.0		9155057	7	0	0	1213	399	5	5	LC	31.6	-27.7	8.390684931506849	2.8016438356164386							
2019	Gastropoda	Stylommatophora	Milacidae	Tandonia	Tandonia kusceri	47.41	19.0			9155057	7	0	0	1213	399	5	5	LC	34.4	-7.2	12.448767123287672	1.7868493150684932							
