1982	Gastropoda	Stylommatophora	Milacidae	Tandonia	Tandonia reuleauxi					9036460	5	0	0	1213	399	5	5	LC											
2018	Gastropoda	Stylommatophora	Milacidae	Tandonia	Tandonia reuleauxi	44.095111	15.441666			9036460	5	0	0	1213	399	5	5	LC	33.6	-8.6	15.09068493150685	3.3545205479452056							
