1930	Gastropoda		Paludomidae	Tanganyicia	Tanganyicia rufofilosa	-6.0	29.5			5782696	4	0	0	1213	460	448	393	NT											
1938	Gastropoda		Paludomidae	Tanganyicia	Tanganyicia rufofilosa	-6.0	35.0			5782696	4	0	0	1213	460	448	393	NT											
1970	Gastropoda		Paludomidae	Tanganyicia	Tanganyicia rufofilosa					5782696	4	0	0	1213	460	448	393	NT											
1974	Gastropoda		Paludomidae	Tanganyicia	Tanganyicia rufofilosa	-4.9	29.65			5782696	4	0	0	1213	460	448	393	NT	30.7	16.7	23.11068493150685	6.279726027397261							
1979	Gastropoda		Paludomidae	Tanganyicia	Tanganyicia rufofilosa					5782696	4	0	0	1213	460	448	393	NT											
1986	Gastropoda		Paludomidae	Tanganyicia	Tanganyicia rufofilosa	-7.25	30.5333		9.0	5782696	4	0	0	1213	460	448	393	NT	31.4	17.5	23.873698630136985	6.222191780821918							
