1927	Cephalopoda	Octopoda	Megaleledonidae	Thaumeledone	Thaumeledone gunteri	-53.808333	-35.951667		406.0	2289373	1	0	0	366	161	31	4	LC											
1962	Cephalopoda	Octopoda	Megaleledonidae	Thaumeledone	Thaumeledone gunteri	-62.042	-61.142		1437.0	2289373	1	0	0	366	161	31	4	LC	4.7	-16.6	-1.3098630136986302	1.8926027397260274							
1976	Cephalopoda	Octopoda	Megaleledonidae	Thaumeledone	Thaumeledone gunteri	-62.1883	-42.7217		1314.0	2289373	1	0	0	366	161	31	4	LC	2.5	-27.7	-6.560928961748634	1.5103825136612021							
1994	Cephalopoda	Octopoda	Megaleledonidae	Thaumeledone	Thaumeledone gunteri	-54.009998	-39.549999			2289373	1	0	0	366	161	31	4	LC	7.1	-7.6	1.1413698630136986	2.135068493150685							
1999	Cephalopoda	Octopoda	Megaleledonidae	Thaumeledone	Thaumeledone gunteri					2289373	1	0	0	366	161	31	4	LC											
2003	Cephalopoda	Octopoda	Megaleledonidae	Thaumeledone	Thaumeledone gunteri					2289373	1	0	0	366	161	31	4	LC											
2008	Cephalopoda	Octopoda	Megaleledonidae	Thaumeledone	Thaumeledone gunteri	-53.814999	-39.208		350.0	2289373	1	0	0	366	161	31	4	LC	7.3	-4.7	1.635792349726776	1.9434426229508197							
