1979	Gastropoda	Stylommatophora	Helicidae	Theba	Theba impugnata					4563517	1	0	0	1213	399	50	1	VU											
1992	Gastropoda	Stylommatophora	Helicidae	Theba	Theba impugnata	29.094798	-13.561225	671.0		4563517	1	0	0	1213	399	50	1	VU	24.8	13.1	19.139071038251366	0.10956284153005465							
2000	Gastropoda	Stylommatophora	Helicidae	Theba	Theba impugnata	28.06197	-16.73414			4563517	1	0	0	1213	399	50	1	VU	35.0	11.7	21.24344262295082	0.40437158469945356							
