1958	Gastropoda	Cycloneritida	Neritidae	Theodoxus	Theodoxus numidicus					5784052	2	0	0	1213	30	21	4	VU											
1972	Gastropoda	Cycloneritida	Neritidae	Theodoxus	Theodoxus numidicus	33.8724	10.0946			5784052	2	0	0	1213	30	21	4	VU	37.3	5.4	19.178415300546447	0.5759562841530055							
1983	Gastropoda	Cycloneritida	Neritidae	Theodoxus	Theodoxus numidicus	32.330002	-6.35			5784052	2	0	0	1213	30	21	4	VU	40.0	-3.3	18.315342465753425	0.7328767123287672							
