1876	Gastropoda	Stylommatophora	Trochomorphidae	Theskelomensor	Theskelomensor creon	-18.11	145.7075			2296856	1	0	0	1213	399	1	1	VU											
1980	Gastropoda	Stylommatophora	Trochomorphidae	Theskelomensor	Theskelomensor creon	-18.205	145.76166			2296856	1	0	0	1213	399	1	1	VU	33.4	6.7	19.96967213114754	1.7775956284153005							
1988	Gastropoda	Stylommatophora	Trochomorphidae	Theskelomensor	Theskelomensor creon	-17.318889	145.468056	800.0		2296856	1	0	0	1213	399	1	1	VU	33.1	7.5	20.733333333333334	2.4327868852459016							
1993	Gastropoda	Stylommatophora	Trochomorphidae	Theskelomensor	Theskelomensor creon	-17.05	145.7	1050.0		2296856	1	0	0	1213	399	1	1	VU	32.7	7.4	19.033972602739727	1.90986301369863							
