1984	Gastropoda	Stylommatophora	Helicidae	Thiessea	Thiessea amorgia					9606347	1	0	0	1213	399	50	1	LC											
2018	Gastropoda	Stylommatophora	Helicidae	Thiessea	Thiessea amorgia	37.48	24.91			9606347	1	0	0	1213	399	50	1	LC	27.6	6.1	16.770958904109587	0.6953424657534246							
