1926	Gastropoda	Stylommatophora	Camaenidae	Tolgachloritis	Tolgachloritis campbelli	-17.166	144.5			9780818	1	0	0	1213	399	15	1	VU											
1927	Gastropoda	Stylommatophora	Camaenidae	Tolgachloritis	Tolgachloritis campbelli	-17.15	144.516			9780818	1	0	0	1213	399	15	1	VU											
1980	Gastropoda	Stylommatophora	Camaenidae	Tolgachloritis	Tolgachloritis campbelli	-17.166667	144.55			9780818	1	0	0	1213	399	15	1	VU	37.5	10.7	24.32103825136612	1.937704918032787							
1988	Gastropoda	Stylommatophora	Camaenidae	Tolgachloritis	Tolgachloritis campbelli	-17.17	144.271389			9780818	1	0	0	1213	399	15	1	VU	40.2	11.3	25.955464480874316	2.068032786885246							
1991	Gastropoda	Stylommatophora	Camaenidae	Tolgachloritis	Tolgachloritis campbelli					9780818	1	0	0	1213	399	15	1	VU											
1994	Gastropoda	Stylommatophora	Camaenidae	Tolgachloritis	Tolgachloritis campbelli	-17.176389	144.004167			9780818	1	0	0	1213	399	15	1	VU	41.0	10.7	26.137534246575342	0.9487671232876712							
1996	Gastropoda	Stylommatophora	Camaenidae	Tolgachloritis	Tolgachloritis campbelli	-17.166667	144.520833			9780818	1	0	0	1213	399	15	1	R	38.1	8.0	24.380327868852458	2.076775956284153							
1997	Gastropoda	Stylommatophora	Camaenidae	Tolgachloritis	Tolgachloritis campbelli	-17.165	144.516111			9780818	1	0	0	1213	399	15	1	R	37.8	10.3	24.065479452054795	2.2246575342465755							
1999	Gastropoda	Stylommatophora	Camaenidae	Tolgachloritis	Tolgachloritis campbelli	-17.441389	144.637222	450.0		9780818	1	0	0	1213	399	15	1	R	36.2	10.1	23.07178082191781	2.710958904109589							
