1976	Gastropoda	Stylommatophora	Camaenidae	Torresitrachia	Torresitrachia thedana	-14.8	126.6			2295028	1	0	0	1213	399	15	2	VU	41.3	11.1	25.959289617486338	2.759016393442623							
1986	Gastropoda	Stylommatophora	Camaenidae	Torresitrachia	Torresitrachia thedana	-14.9	126.3			2295028	1	0	0	1213	399	15	2	VU	41.5	9.6	26.303287671232876	3.8194520547945205							
