1800	Gastropoda	Stylommatophora	Trochomorphidae	Trochomorpha	Trochomorpha corallina	-17.294832	177.765698			10670094	1	0	0	1213	399	1	1	NT											
2003	Gastropoda	Stylommatophora	Trochomorphidae	Trochomorpha	Trochomorpha corallina	-18.0001	-179.0331			10670094	1	0	0	1213	399	1	1	NT	28.7	20.4	25.181643835616438	4.532602739726028							
