1974	Gastropoda	Littorinimorpha	Tateidae	Trochidrobia	Trochidrobia smithi					4608506	1	0	0	1213	88	6	9	VU											
1978	Gastropoda	Littorinimorpha	Tateidae	Trochidrobia	Trochidrobia smithi	-29.15	136.56666			4608506	1	0	0	1213	88	6	9	VU	42.7	2.0	19.965753424657535	0.49232876712328766							
1981	Gastropoda	Littorinimorpha	Tateidae	Trochidrobia	Trochidrobia smithi	-28.3083	136.2567			4608506	1	0	0	1213	88	6	9	VU	46.5	2.7	21.275616438356163	0.7794520547945205							
1985	Gastropoda	Littorinimorpha	Tateidae	Trochidrobia	Trochidrobia smithi	-28.30833	136.25666			4608506	1	0	0	1213	88	6	9	VU	44.1	1.7	20.863287671232875	0.2380821917808219							
1989	Gastropoda	Littorinimorpha	Tateidae	Trochidrobia	Trochidrobia smithi	-28.27	136.2			4608506	1	0	0	1213	88	6	9	VU	43.7	1.6	20.483561643835618	1.0561643835616439							
1990	Gastropoda	Littorinimorpha	Tateidae	Trochidrobia	Trochidrobia smithi	-28.30694	136.25305			4608506	1	0	0	1213	88	6	9	VU	45.9	1.6	21.836986301369862	0.3084931506849315							
