1980	Gastropoda	Stylommatophora	Trochomorphidae	Trochomorpha	Trochomorpha melvillensis	-11.4051	130.65592			2297796	1	0	0	1213	399	1	7	LR/nt	34.5	19.0	26.959562841530055	4.060382513661202							
