1932	Gastropoda	Stylommatophora	Geomitridae	Trochoidea	Trochoidea caroni					4565418	1	0	0	1213	399	26	1	LC											
1959	Gastropoda	Stylommatophora	Geomitridae	Trochoidea	Trochoidea caroni					4565418	1	0	0	1213	399	26	1	LC											
2009	Gastropoda	Stylommatophora	Geomitridae	Trochoidea	Trochoidea caroni	37.32084	13.58876			4565418	1	0	0	1213	399	26	1	LC	37.9	-1.1	16.467945205479452	1.8254794520547946							
2010	Gastropoda	Stylommatophora	Geomitridae	Trochoidea	Trochoidea caroni	38.0908	12.7969			4565418	1	0	0	1213	399	26	1	LC	36.9	-0.2	16.023287671232875	2.1205479452054794							
