2000	Gastropoda	Littorinimorpha	Pomatiidae	Tropidophora	Tropidophora deburghiae	-15.7	49.5			5784101	1	0	0	1213	88	1	5	R	31.8	12.1	19.479234972677595	4.64344262295082							
