1945	Gastropoda	Stylommatophora	Achatinellidae	Tubuaia	Tubuaia fosbergi					5783221	1	0	0	1213	399	11	393	VU											
1997	Gastropoda	Stylommatophora	Achatinellidae	Tubuaia	Tubuaia fosbergi	-25.0701	-130.1122			5783221	1	0	0	1213	399	11	393	VU	24.8	15.4	21.063013698630137	3.990958904109589							
