1973	Gastropoda	Littorinimorpha	Pomatiidae	Tudorella	Tudorella melitensis					9346672	1	0	0	1213	88	1	1	LC											
1990	Gastropoda	Littorinimorpha	Pomatiidae	Tudorella	Tudorella melitensis	36.04	14.29			9346672	1	0	0	1213	88	1	1	LC	28.2	8.9	18.723287671232878	0.7621917808219179							
2001	Gastropoda	Littorinimorpha	Pomatiidae	Tudorella	Tudorella melitensis					9346672	1	0	0	1213	88	1	1	LC											
2003	Gastropoda	Littorinimorpha	Pomatiidae	Tudorella	Tudorella melitensis	35.956423	14.422498			9346672	1	0	0	1213	88	1	1	LC	30.9	7.6	19.704109589041096	1.401917808219178							
2007	Gastropoda	Littorinimorpha	Pomatiidae	Tudorella	Tudorella melitensis	36.03	14.29			9346672	1	0	0	1213	88	1	1	LC	30.3	7.7	19.14246575342466	1.2953424657534247							
