1977	Gastropoda	Stylommatophora	Camaenidae	Turgenitubulus	Turgenitubulus foramenus	-15.1	128.6			2294887	1	0	0	1213	399	15	5	VU	38.4	12.8	26.534246575342465	2.366027397260274							
1980	Gastropoda	Stylommatophora	Camaenidae	Turgenitubulus	Turgenitubulus foramenus	-15.0928	128.6272			2294887	1	0	0	1213	399	15	5	VU	39.6	12.1	27.51502732240437	1.9040983606557378							
1984	Gastropoda	Stylommatophora	Camaenidae	Turgenitubulus	Turgenitubulus foramenus	-15.1	128.6			2294887	1	0	0	1213	399	15	5	VU	41.0	12.0	27.364754098360656	2.364207650273224							
1989	Gastropoda	Stylommatophora	Camaenidae	Turgenitubulus	Turgenitubulus foramenus	-15.09245	128.6318			2294887	1	0	0	1213	399	15	5	VU	43.2	13.7	28.034794520547944	1.7882191780821919							
