1980	Gastropoda	Stylommatophora	Camaenidae	Turgenitubulus	Turgenitubulus tanmurrana	-15.1	128.6			2294882	1	0	0	1213	399	15	1	VU	39.9	12.4	27.815573770491802	1.9907103825136612							
1984	Gastropoda	Stylommatophora	Camaenidae	Turgenitubulus	Turgenitubulus tanmurrana	-15.1342	128.6228			2294882	1	0	0	1213	399	15	1	VU	40.9	11.9	27.312295081967214	2.832513661202186							
1986	Gastropoda	Stylommatophora	Camaenidae	Turgenitubulus	Turgenitubulus tanmurrana	-15.1	128.6			2294882	1	0	0	1213	399	15	1	VU	40.9	12.0	28.203561643835616	1.8117808219178082							
1989	Gastropoda	Stylommatophora	Camaenidae	Turgenitubulus	Turgenitubulus tanmurrana	-15.1	128.6			2294882	1	0	0	1213	399	15	1	VU	43.3	13.8	28.135068493150683	1.841095890410959							
