1976	Gastropoda	Stylommatophora	Camaenidae	Turgenitubulus	Turgenitubulus depressus	-15.0	128.6			2294883	1	0	0	1213	399	15	3	VU	37.9	11.2	24.578142076502733	3.0469945355191257							
1980	Gastropoda	Stylommatophora	Camaenidae	Turgenitubulus	Turgenitubulus depressus	-15.0825	128.6231			2294883	1	0	0	1213	399	15	3	VU	39.3	11.8	27.262295081967213	1.9907103825136612							
1984	Gastropoda	Stylommatophora	Camaenidae	Turgenitubulus	Turgenitubulus depressus	-15.1	128.6			2294883	1	0	0	1213	399	15	3	VU	41.0	12.0	27.364754098360656	2.364207650273224							
1986	Gastropoda	Stylommatophora	Camaenidae	Turgenitubulus	Turgenitubulus depressus	-15.2	128.5			2294883	1	0	0	1213	399	15	3	VU	41.5	10.5	28.17095890410959	2.0841095890410957							
1989	Gastropoda	Stylommatophora	Camaenidae	Turgenitubulus	Turgenitubulus depressus					2294883	1	0	0	1213	399	15	3	VU											
