1931	Bivalvia	Unionida	Unionidae	Unio	Unio durieui					5782502	3	0	0	366	179	165	5	EN											
1933	Bivalvia	Unionida	Unionidae	Unio	Unio durieui					5782502	3	0	0	366	179	165	5	EN											
1951	Bivalvia	Unionida	Unionidae	Unio	Unio durieui					5782502	3	0	0	366	179	165	5	EN											
2005	Bivalvia	Unionida	Unionidae	Unio	Unio durieui	33.0	-10.0			5782502	3	0	0	366	179	165	5	EN	24.2	9.6	18.725205479452054	0.8791780821917808							
2015	Bivalvia	Unionida	Unionidae	Unio	Unio durieui	36.97	9.086383			5782502	3	0	0	366	179	165	5	EN	38.7	4.0	18.60082191780822	2.9657534246575343							
