1900	Bivalvia	Unionida	Unionidae	Unio	Unio abyssinicus	12.0	37.333333			5782501	1	0	0	1213	179	165	5	EN											
2008	Bivalvia	Unionida	Unionidae	Unio	Unio abyssinicus					5782501	1	0	0	1213	179	165	5	EN											
2009	Bivalvia	Unionida	Unionidae	Unio	Unio abyssinicus	11.6044	37.4075			5782501	1	0	0	1213	179	165	5	EN	31.5	12.0	20.97013698630137	2.967123287671233							
