1800	Gastropoda	Stylommatophora	Clausiliidae	Vallatia	Vallatia vallata					6548308	1	0	0	1213	399	39	10	LC											
1979	Gastropoda	Stylommatophora	Clausiliidae	Vallatia	Vallatia vallata	39.73	21.55			8737689	1	0	0	1213	399	39	10	LC	35.3	-15.5	13.54054794520548	3.1936986301369865							
1987	Gastropoda	Stylommatophora	Clausiliidae	Vallatia	Vallatia vallata					8737689	1	0	0	1213	399	39	10	LC											
1995	Gastropoda	Stylommatophora	Clausiliidae	Vallatia	Vallatia vallata	39.0	22.0			8737689	1	0	0	1213	399	39	10	LC	32.4	-13.4	12.161369863013698	2.350684931506849							
2013	Gastropoda	Stylommatophora	Clausiliidae	Vallatia	Vallatia vallata	39.720001	20.84			8737689	1	0	0	1213	399	39	10	LC	35.3	-5.6	13.72109589041096	4.562191780821918							
