1800	Gastropoda		Valvatidae	Valvata	Valvata virens	39.035965	-122.795629			2298075	1	0	0	1213	399	3	3	VU											
1928	Gastropoda		Valvatidae	Valvata	Valvata virens	38.95887	-122.66544			2298075	1	0	0	1213	399	3	3	VU											
1950	Gastropoda		Valvatidae	Valvata	Valvata virens	39.061561	-122.827215			2298075	1	0	0	1213	399	3	3	VU	42.5	-5.7	15.514794520547945	2.62986301369863							
1966	Gastropoda		Valvatidae	Valvata	Valvata virens					2298075	1	0	0	1213	399	3	3	VU											
1975	Gastropoda		Valvatidae	Valvata	Valvata virens	38.9582	-122.626			2298075	1	0	0	1213	399	3	3	VU	42.4	-2.2	15.094794520547945	1.9884931506849315							
1979	Gastropoda		Valvatidae	Valvata	Valvata virens	39.1824	-123.014			2298075	1	0	0	1213	399	3	3	VU	37.7	-5.1	12.90958904109589	2.708767123287671							
