1820	Gastropoda		Valvatidae	Valvata	Valvata studeri	47.13532	7.2475			4571436	5	0	0	1213	44	3	3	LC											
1957	Gastropoda		Valvatidae	Valvata	Valvata studeri	47.07213	7.1424			4571436	5	0	0	1213	44	3	3	LC	32.0	-15.3	8.567945205479452	2.5884931506849314							
1995	Gastropoda		Valvatidae	Valvata	Valvata studeri	47.95	13.16	558.0		4571436	5	0	0	1213	44	3	3	LC	30.5	-15.2	7.046575342465753	4.204657534246575							
2010	Gastropoda		Valvatidae	Valvata	Valvata studeri			660.0		4571436	5	0	0	1213	44	3	3	LC											
2019	Gastropoda		Valvatidae	Valvata	Valvata studeri	47.41875	8.46565	439.0		4571436	5	0	0	1213	44	3	3	LC	32.6	-6.0	9.676712328767124	3.0706849315068494							
