1934	Gastropoda		Valvatidae	Valvata	Valvata stenotrema					4571429	2	0	0	1213	399	3	3	NT											
1950	Gastropoda		Valvatidae	Valvata	Valvata stenotrema					4571429	2	0	0	1213	399	3	3	NT											
1953	Gastropoda		Valvatidae	Valvata	Valvata stenotrema	41.0309	20.7119			4571429	2	0	0	1213	399	3	3	NT	32.2	-10.8	11.254794520547945	1.6317808219178083							
