1900	Gastropoda		Valvatidae	Valvata	Valvata mergella	67.1075	-158.271389			2298072	1	0	0	1213	399	3	3	EN											
1904	Gastropoda		Valvatidae	Valvata	Valvata mergella					2298072	1	0	0	1213	399	3	3	EN											
1968	Gastropoda		Valvatidae	Valvata	Valvata mergella					2298072	1	0	0	1213	399	3	3	EN											
1996	Gastropoda		Valvatidae	Valvata	Valvata mergella	55.4	-160.2333			2298072	1	0	0	1213	399	3	3	EN	15.5	-11.4	4.52431693989071	3.380054644808743							
2013	Gastropoda		Valvatidae	Valvata	Valvata mergella	56.06574	-121.84196	511.0		2298072	1	0	0	1213	399	3	3	EN	31.3	-31.4	3.572876712328767	1.3465753424657534							
