1933	Gastropoda	Stylommatophora	Vertiginidae	Vertigo	Vertigo hubricti					5782778	1	0	0	1213	399	10	9	LR/nt											
1934	Gastropoda	Stylommatophora	Vertiginidae	Vertigo	Vertigo hubricti	38.30561	-90.276506			5782778	1	0	0	1213	399	10	9	LR/nt											
1935	Gastropoda	Stylommatophora	Vertiginidae	Vertigo	Vertigo hubricti	38.543385	-90.169833			5782778	1	0	0	1213	399	10	9	LR/nt											
1936	Gastropoda	Stylommatophora	Vertiginidae	Vertigo	Vertigo hubricti	39.528315	-90.635625			5782778	1	0	0	1213	399	10	9	LR/nt											
1937	Gastropoda	Stylommatophora	Vertiginidae	Vertigo	Vertigo hubricti					5782778	1	0	0	1213	399	10	9	LR/nt											
1982	Gastropoda	Stylommatophora	Vertiginidae	Vertigo	Vertigo hubricti	42.826378	-91.070962			5782778	1	0	0	1213	399	10	9	LR/nt	32.6	-33.0	8.313150684931507	3.0632876712328767							
1991	Gastropoda	Stylommatophora	Vertiginidae	Vertigo	Vertigo hubricti	43.050714	-90.449449			5782778	1	0	0	1213	399	10	9	LR/nt	33.2	-25.8	9.427123287671233	2.808767123287671							
1998	Gastropoda	Stylommatophora	Vertiginidae	Vertigo	Vertigo hubricti	42.653437	-91.40111			5782778	1	0	0	1213	399	10	9	LR/nt	31.7	-23.8	10.109041095890412	3.015890410958904							
1999	Gastropoda	Stylommatophora	Vertiginidae	Vertigo	Vertigo hubricti	44.6149	-87.8331			5782778	1	0	0	1213	399	10	9	LR/nt	33.9	-26.2	8.45013698630137	1.875890410958904							
