1927	Gastropoda	Stylommatophora	Clausiliidae	Vestia	Vestia ranojevici	42.2706	23.6058			9388131	3	0	0	1213	399	39	2	LC											
1956	Gastropoda	Stylommatophora	Clausiliidae	Vestia	Vestia ranojevici	42.1333	23.34			9388131	3	0	0	1213	399	39	2	LC	29.6	-26.8	6.941803278688525	2.1150273224043716							
1961	Gastropoda	Stylommatophora	Clausiliidae	Vestia	Vestia ranojevici	43.1226	23.125			9388131	3	0	0	1213	399	39	2	LC	27.6	-20.6	5.6536986301369865	1.8350684931506849							
1973	Gastropoda	Stylommatophora	Clausiliidae	Vestia	Vestia ranojevici					9388131	3	0	0	1213	399	39	2	LC											
