1945	Gastropoda	Stylommatophora	Trochomorphidae	Videna	Videna electra					10974274	1	0	0	1213	399	1	7	VU											
1985	Gastropoda	Stylommatophora	Trochomorphidae	Videna	Videna electra	7.335	134.458333			5783204	1	0	0	1213	399	1	7	VU	28.8	24.6	26.76027397260274	8.255890410958903							
1995	Gastropoda	Stylommatophora	Trochomorphidae	Videna	Videna electra	7.340015	134.494183			5783204	1	0	0	1213	399	1	7	VU	29.1	24.8	26.835890410958903	8.40904109589041							
