1894	Gastropoda	Stylommatophora	Camaenidae	Vidumelon	Vidumelon wattii	-23.2	134.866			2294304	1	0	0	1213	399	15	7	VU											
1978	Gastropoda	Stylommatophora	Camaenidae	Vidumelon	Vidumelon wattii	-23.2706	134.886			2294304	1	0	0	1213	399	15	7	VU	40.3	-0.1	21.043561643835616	1.212054794520548							
1979	Gastropoda	Stylommatophora	Camaenidae	Vidumelon	Vidumelon wattii	-23.45833	134.97138			2294304	1	0	0	1213	399	15	7	VU	41.6	1.7	21.804931506849314	1.056986301369863							
2012	Gastropoda	Stylommatophora	Camaenidae	Vidumelon	Vidumelon wattii	-23.27066	134.91177			2294304	1	0	0	1213	399	15	7	V	41.2	1.9	22.141803278688524	0.5603825136612022							
