1962	Bivalvia	Venerida	Cyrenidae	Villorita	Villorita cyprinoides					8028858	1	0	0	1213	13	8	7	LC											
1999	Bivalvia	Venerida	Cyrenidae	Villorita	Villorita cyprinoides					8365311	1	0	0	1213	13	8	7	LC											
2014	Bivalvia	Venerida	Cyrenidae	Villorita	Villorita cyprinoides	19.036496	72.800055			8028858	1	0	0	1213	13	8	7	LC	36.8	15.8	26.984109589041097	3.950958904109589							
