1980	Gastropoda	Stylommatophora	Camaenidae	Vincentrachia	Vincentrachia desmonda					9739417	1	0	0	1213	399	15	1	LR/nt											
1984	Gastropoda	Stylommatophora	Camaenidae	Vincentrachia	Vincentrachia desmonda	-15.9689	129.5561			2294386	1	0	0	1213	399	15	1	LR/nt	43.1	8.2	27.860109289617487	2.3172131147540984							
2010	Gastropoda	Stylommatophora	Camaenidae	Vincentrachia	Vincentrachia desmonda	-15.96166	129.5625			9739417	1	0	0	1213	399	15	1	R	41.2	12.0	28.147945205479452	2.8323287671232875							
2012	Gastropoda	Stylommatophora	Camaenidae	Vincentrachia	Vincentrachia desmonda	-15.80022	129.66383			9739417	1	0	0	1213	399	15	1	R	43.5	10.5	27.284699453551912	1.7407103825136612							
