2005	Gastropoda	Stylommatophora	Spelaeodiscidae	Virpazaria	Virpazaria stojaspali			350.0		4566546	1	0	0	1213	399	4	4	NT											
2006	Gastropoda	Stylommatophora	Spelaeodiscidae	Virpazaria	Virpazaria stojaspali			350.0		4566546	1	0	0	1213	399	4	4	NT											
2008	Gastropoda	Stylommatophora	Spelaeodiscidae	Virpazaria	Virpazaria stojaspali	42.0582	19.3535			4566546	1	0	0	1213	399	4	4	NT	31.3	-5.1	13.752459016393443	5.419945355191257							
2015	Gastropoda	Stylommatophora	Spelaeodiscidae	Virpazaria	Virpazaria stojaspali	42.0582	19.3535	350.0		4566546	1	0	0	1213	399	4	4	NT	33.9	-4.2	14.386301369863014	3.7194520547945205							
2017	Gastropoda	Stylommatophora	Spelaeodiscidae	Virpazaria	Virpazaria stojaspali	42.1134	19.2231	455.0		4566546	1	0	0	1213	399	4	4	NT	31.2	-9.6	13.474246575342466	4.611232876712329							
