1891	Gastropoda	Cycloneritida	Neritidae	Vitta	Vitta rubricata					5784033	13	0	0	1213	30	21	7	NT											
1894	Gastropoda	Cycloneritida	Neritidae	Vitta	Vitta rubricata					10555292	13	0	0	1213	30	21	7	NT											
1960	Gastropoda	Cycloneritida	Neritidae	Vitta	Vitta rubricata	7.0	0.5			5784033	13	0	0	1213	30	21	7	NT	33.9	20.5	25.808196721311475	5.22431693989071							
1979	Gastropoda	Cycloneritida	Neritidae	Vitta	Vitta rubricata	6.31	-10.8			5784033	13	0	0	1213	30	21	7	NT	35.3	21.4	25.29972602739726	11.275342465753425							
1982	Gastropoda	Cycloneritida	Neritidae	Vitta	Vitta rubricata					5784033	13	0	0	1213	30	21	7	NT											
2008	Gastropoda	Cycloneritida	Neritidae	Vitta	Vitta rubricata	5.5	5.75			5784033	13	0	0	1213	30	21	7	NT	37.2	17.2	25.81120218579235	7.059562841530055							
2009	Gastropoda	Cycloneritida	Neritidae	Vitta	Vitta rubricata	2.93842	9.9072			10555292	13	0	0	1213	30	21	7	NT	31.3	22.4	25.806849315068494	6.99972602739726							
