1887	Gastropoda	Stylommatophora	Camaenidae	Westraltrachia	Westraltrachia alterna	-17.4	124.9			2294802	1	0	0	1213	399	15	5	VU											
1975	Gastropoda	Stylommatophora	Camaenidae	Westraltrachia	Westraltrachia alterna					2294802	1	0	0	1213	399	15	5	VU											
1976	Gastropoda	Stylommatophora	Camaenidae	Westraltrachia	Westraltrachia alterna					2294802	1	0	0	1213	399	15	5	VU											
1977	Gastropoda	Stylommatophora	Camaenidae	Westraltrachia	Westraltrachia alterna	-17.5	125.2			2294802	1	0	0	1213	399	15	5	VU	42.8	8.9	27.75917808219178	1.2008219178082191							
1980	Gastropoda	Stylommatophora	Camaenidae	Westraltrachia	Westraltrachia alterna	-17.5	125.1			2294802	1	0	0	1213	399	15	5	VU	42.3	13.2	28.44071038251366	1.5459016393442622							
1984	Gastropoda	Stylommatophora	Camaenidae	Westraltrachia	Westraltrachia alterna	-17.5603	125.1003			2294802	1	0	0	1213	399	15	5	VU	43.7	11.6	27.47568306010929	2.6494535519125684							
1990	Gastropoda	Stylommatophora	Camaenidae	Westraltrachia	Westraltrachia alterna	-17.3	124.7			2294802	1	0	0	1213	399	15	5	VU	43.3	11.2	29.52958904109589	0.8789041095890411							
2009	Gastropoda	Stylommatophora	Camaenidae	Westraltrachia	Westraltrachia alterna	-17.6	125.1			2294802	1	0	0	1213	399	15	5	V	43.7	12.3	28.92109589041096	3.4901369863013696							
