1976	Gastropoda	Stylommatophora	Camaenidae	Westraltrachia	Westraltrachia lievreana	-18.0	125.1			2294819	1	0	0	1213	399	15	1	VU	44.3	11.2	27.379234972677594	1.5278688524590165							
1984	Gastropoda	Stylommatophora	Camaenidae	Westraltrachia	Westraltrachia lievreana	-18.0	125.1			2294819	1	0	0	1213	399	15	1	VU	44.2	11.4	28.05655737704918	2.2849726775956283							
