1976	Gastropoda	Stylommatophora	Camaenidae	Westraltrachia	Westraltrachia inopinata	-17.4	125.8			2294805	1	0	0	1213	399	15	4	VU	42.2	7.9	25.25710382513661	2.0120218579234974							
1977	Gastropoda	Stylommatophora	Camaenidae	Westraltrachia	Westraltrachia inopinata	-17.4	124.8			2294805	1	0	0	1213	399	15	4	VU	42.9	9.1	28.076438356164385	1.1646575342465753							
1984	Gastropoda	Stylommatophora	Camaenidae	Westraltrachia	Westraltrachia inopinata	-17.3406	124.8211			2294805	1	0	0	1213	399	15	4	VU	43.8	11.2	28.048907103825137	3.066393442622951							
1986	Gastropoda	Stylommatophora	Camaenidae	Westraltrachia	Westraltrachia inopinata	-17.4	125.0			2294805	1	0	0	1213	399	15	4	VU	43.9	9.9	28.146849315068494	1.6084931506849316							
