1976	Gastropoda	Stylommatophora	Camaenidae	Westraltrachia	Westraltrachia turbinata					2294792	1	0	0	1213	399	15	393	VU											
1977	Gastropoda	Stylommatophora	Camaenidae	Westraltrachia	Westraltrachia turbinata	-17.4	124.8			2294792	1	0	0	1213	399	15	393	VU	42.9	9.1	28.076438356164385	1.1646575342465753							
1979	Gastropoda	Stylommatophora	Camaenidae	Westraltrachia	Westraltrachia turbinata	-17.4	124.8			2294792	1	0	0	1213	399	15	393	VU	41.9	10.5	28.26054794520548	1.6167123287671232							
1980	Gastropoda	Stylommatophora	Camaenidae	Westraltrachia	Westraltrachia turbinata	-17.4	124.8			2294792	1	0	0	1213	399	15	393	VU	43.0	13.5	28.892349726775958	1.5685792349726777							
1984	Gastropoda	Stylommatophora	Camaenidae	Westraltrachia	Westraltrachia turbinata	-17.4	124.8			2294792	1	0	0	1213	399	15	393	VU	43.7	11.1	27.943715846994536	2.9136612021857924							
1986	Gastropoda	Stylommatophora	Camaenidae	Westraltrachia	Westraltrachia turbinata	-17.3	124.8			2294792	1	0	0	1213	399	15	393	VU	44.4	10.4	28.343013698630138	1.7183561643835616							
1990	Gastropoda	Stylommatophora	Camaenidae	Westraltrachia	Westraltrachia turbinata					2294792	1	0	0	1213	399	15	393	VU											
