1976	Gastropoda	Stylommatophora	Camaenidae	Westraltrachia	Westraltrachia subtila	-17.8	125.1			2294801	1	0	0	1213	399	15	1	VU	43.6	11.2	26.883060109289616	1.4655737704918033							
1986	Gastropoda	Stylommatophora	Camaenidae	Westraltrachia	Westraltrachia subtila	-17.7	125.2			2294801	1	0	0	1213	399	15	1	VU	43.4	9.5	28.035068493150685	1.7901369863013699							
