1800	Gastropoda	Stylommatophora	Geomitridae	Xerocrassa	Xerocrassa mesostena					8980200	1	0	0	1213	399	26	5	LC											
2004	Gastropoda	Stylommatophora	Geomitridae	Xerocrassa	Xerocrassa mesostena	35.189999	25.620001			4565376	1	0	0	1213	399	26	5	LC	34.5	-2.8	16.670765027322403	1.046448087431694							
2005	Gastropoda	Stylommatophora	Geomitridae	Xerocrassa	Xerocrassa mesostena	35.060001	25.82			4565376	1	0	0	1213	399	26	5	LC	34.8	3.9	17.596986301369864	0.6224657534246575							
