1955	Gastropoda	Stylommatophora	Geomitridae	Xerocrassa	Xerocrassa subvariegata					4565382	1	0	0	1213	399	26	5	LC											
2004	Gastropoda	Stylommatophora	Geomitridae	Xerocrassa	Xerocrassa subvariegata	35.32	24.290001			4565382	1	0	0	1213	399	26	5	LC	36.9	0.0	18.10792349726776	1.9240437158469945							
