1978	Gastropoda	Stylommatophora	Zonitidae	Zonites	Zonites graecus					4568530	1	0	0	1213	399	2	1	EN											
1984	Gastropoda	Stylommatophora	Zonitidae	Zonites	Zonites graecus					4568530	1	0	0	1213	399	2	1	EN											
2007	Gastropoda	Stylommatophora	Zonitidae	Zonites	Zonites graecus	38.253889	25.981667			4568530	1	0	0	1213	399	2	1	EN	37.3	4.5	17.764383561643836	1.087123287671233							
