1874	Gastropoda	Ellobiida	Ellobiidae	Zospeum	Zospeum alpestre					4571351	1	0	0	1213	17	16	393	LC											
1932	Gastropoda	Ellobiida	Ellobiidae	Zospeum	Zospeum alpestre	42.833333	12.833333			4571351	1	0	0	1213	17	16	393	LC											
2009	Gastropoda	Ellobiida	Ellobiidae	Zospeum	Zospeum alpestre	46.43	14.62			4571351	1	0	0	1213	17	16	393	LC	26.2	-25.2	6.472054794520548	2.801643835616438							
