1930	Gastropoda	Ellobiida	Ellobiidae	Zospeum	Zospeum spelaeum					4571370	3	0	0	1213	17	16	7	LC											
1932	Gastropoda	Ellobiida	Ellobiidae	Zospeum	Zospeum spelaeum					4571370	3	0	0	1213	17	16	7	LC											
1934	Gastropoda	Ellobiida	Ellobiidae	Zospeum	Zospeum spelaeum					4571370	3	0	0	1213	17	16	7	LC											
2007	Gastropoda	Ellobiida	Ellobiidae	Zospeum	Zospeum spelaeum	45.790001	14.19			4571370	3	0	0	1213	17	16	7	LC	32.7	-13.4	10.235616438356164	2.9446575342465753							
2009	Gastropoda	Ellobiida	Ellobiidae	Zospeum	Zospeum spelaeum	46.139999	14.55			4571370	3	0	0	1213	17	16	7	LC	29.6	-24.7	10.474520547945206	3.0304109589041097							
