1874	Gastropoda	Ellobiida	Ellobiidae	Zospeum	Zospeum frauenfeldi					4571362	1	0	0	1213	17	16	23	LC											
2009	Gastropoda	Ellobiida	Ellobiidae	Zospeum	Zospeum frauenfeldi	45.84	14.69			4571362	1	0	0	1213	17	16	23	LC	30.2	-23.7	10.435616438356165	3.0304109589041097							
